FUNC	EXTERNAL:00000001	abort	void abort()
FUNC	EXTERNAL:00000002	__libc_start_main	undefined __libc_start_main()
FUNC	EXTERNAL:00000003	vfprintf	int vfprintf(FILE * __s, char * __format, __gnuc_va_list __arg)
FUNC	EXTERNAL:00000004	fflush	int fflush(FILE * __stream)
FUNC	EXTERNAL:00000005	fileno	int fileno(FILE * __stream)
FUNC	EXTERNAL:00000006	fsync	int fsync(int __fd)
FUNC	EXTERNAL:00000007	sprintf	int sprintf(char * __s, char * __format, ...)
FUNC	EXTERNAL:00000008	fopen	FILE * fopen(char * __filename, char * __modes)
FUNC	EXTERNAL:00000009	fclose	int fclose(FILE * __stream)
FUNC	EXTERNAL:0000000a	strtol	long strtol(char * __nptr, char * * __endptr, int __base)
FUNC	EXTERNAL:0000000b	printf	int printf(char * __format, ...)
FUNC	EXTERNAL:0000000c	stpcpy	char * stpcpy(char * __dest, char * __src)
FUNC	EXTERNAL:0000000d	strcpy	char * strcpy(char * __dest, char * __src)
FUNC	EXTERNAL:0000000e	puts	int puts(char * __s)
FUNC	EXTERNAL:0000000f	memcpy	void * memcpy(void * __dest, void * __src, size_t __n)
FUNC	EXTERNAL:00000010	readlink	ssize_t readlink(char * __path, char * __buf, size_t __len)
FUNC	EXTERNAL:00000011	strrchr	char * strrchr(char * __s, int __c)
FUNC	EXTERNAL:00000012	fgets	char * fgets(char * __s, int __n, FILE * __stream)
FUNC	EXTERNAL:00000013	vsnprintf	int vsnprintf(char * __s, size_t __maxlen, char * __format, __gnuc_va_list __arg)
FUNC	EXTERNAL:00000014	shmget	int shmget(key_t __key, size_t __size, int __shmflg)
FUNC	EXTERNAL:00000015	shmat	void * shmat(int __shmid, void * __shmaddr, int __shmflg)
FUNC	EXTERNAL:00000016	shmdt	int shmdt(void * __shmaddr)
FUNC	EXTERNAL:00000017	usleep	int usleep(__useconds_t __useconds)
FUNC	EXTERNAL:00000018	malloc	void * malloc(size_t __size)
FUNC	EXTERNAL:00000019	pthread_create	int pthread_create(pthread_t * __newthread, pthread_attr_t * __attr, __start_routine * __start_routine, void * __arg)
FUNC	EXTERNAL:0000001a	putchar	int putchar(int __c)
FUNC	EXTERNAL:0000001b	free	void free(void * __ptr)
FUNC	EXTERNAL:0000001c	fread	size_t fread(void * __ptr, size_t __size, size_t __n, FILE * __stream)
FUNC	EXTERNAL:0000001d	memset	void * memset(void * __s, int __c, size_t __n)
FUNC	EXTERNAL:0000001e	sync	void sync()
FUNC	EXTERNAL:0000001f	reboot	int reboot(int __howto)
FUNC	EXTERNAL:00000020	qsort	void qsort(void * __base, size_t __nmemb, size_t __size, __compar_fn_t __compar)
FUNC	EXTERNAL:00000021	access	int access(char * __name, int __type)
FUNC	EXTERNAL:00000022	read	ssize_t read(int __fd, void * __buf, size_t __nbytes)
FUNC	EXTERNAL:00000023	close	int close(int __fd)
FUNC	EXTERNAL:00000024	strcat	char * strcat(char * __dest, char * __src)
FUNC	EXTERNAL:00000025	open	int open(char * __file, int __oflag, ...)
FUNC	EXTERNAL:00000026	__errno_location	int * __errno_location()
FUNC	EXTERNAL:00000027	gettimeofday	int gettimeofday(timeval * __tv, __timezone_ptr_t __tz)
FUNC	EXTERNAL:00000028	fseek	int fseek(FILE * __stream, long __off, int __whence)
FUNC	EXTERNAL:00000029	ftell	long ftell(FILE * __stream)
FUNC	EXTERNAL:0000002a	compress	undefined compress()
FUNC	EXTERNAL:0000002b	uncompress	undefined uncompress()
FUNC	EXTERNAL:0000002c	strcmp	int strcmp(char * __s1, char * __s2)
FUNC	EXTERNAL:0000002d	mmap	void * mmap(void * __addr, size_t __len, int __prot, int __flags, int __fd, __off_t __offset)
FUNC	EXTERNAL:0000002e	munmap	int munmap(void * __addr, size_t __len)
FUNC	EXTERNAL:0000002f	strlen	size_t strlen(char * __s)
FUNC	EXTERNAL:00000030	strchr	char * strchr(char * __s, int __c)
FUNC	EXTERNAL:00000031	__isoc99_sscanf	undefined __isoc99_sscanf()
FUNC	EXTERNAL:00000032	strstr	char * strstr(char * __haystack, char * __needle)
FUNC	EXTERNAL:00000033	pthread_mutex_unlock	int pthread_mutex_unlock(pthread_mutex_t * __mutex)
FUNC	EXTERNAL:00000034	pthread_mutex_lock	int pthread_mutex_lock(pthread_mutex_t * __mutex)
FUNC	EXTERNAL:00000035	pthread_cond_signal	int pthread_cond_signal(pthread_cond_t * __cond)
FUNC	EXTERNAL:00000036	pthread_cond_wait	int pthread_cond_wait(pthread_cond_t * __cond, pthread_mutex_t * __mutex)
FUNC	EXTERNAL:00000037	dlsym	undefined dlsym()
FUNC	EXTERNAL:00000038	dlopen	undefined dlopen()
FUNC	EXTERNAL:00000039	dlerror	undefined dlerror()
FUNC	EXTERNAL:0000003a	dlclose	undefined dlclose()
FUNC	EXTERNAL:0000003b	calloc	void * calloc(size_t __nmemb, size_t __size)
FUNC	EXTERNAL:0000003c	__aeabi_unwind_cpp_pr0	undefined __aeabi_unwind_cpp_pr0()
FUNC	EXTERNAL:0000003d	operator.new	void * operator.new(uint param_1)
FUNC	EXTERNAL:0000003e	operator.delete	void operator.delete(void * param_1)
FUNC	EXTERNAL:0000003f	operator.new[]	void * operator.new[](uint param_1)
FUNC	EXTERNAL:00000040	operator.delete[]	void operator.delete[](void * param_1)
FUNC	EXTERNAL:00000041	fwrite	size_t fwrite(void * __ptr, size_t __size, size_t __n, FILE * __s)
FUNC	EXTERNAL:00000042	__aeabi_unwind_cpp_pr1	undefined __aeabi_unwind_cpp_pr1()
FUNC	EXTERNAL:00000043	strncpy	char * strncpy(char * __dest, char * __src, size_t __n)
FUNC	EXTERNAL:00000044	sqrt	double sqrt(double __x)
FUNC	EXTERNAL:00000045	sqrtf	float sqrtf(float __x)
FUNC	EXTERNAL:00000046	pow	double pow(double __x, double __y)
FUNC	EXTERNAL:00000047	islower	int islower(int param_1)
FUNC	EXTERNAL:00000048	__ctype_toupper_loc	__int32_t * * __ctype_toupper_loc()
FUNC	EXTERNAL:00000049	rewind	void rewind(FILE * __stream)
FUNC	EXTERNAL:0000004a	fputc	int fputc(int __c, FILE * __stream)
FUNC	EXTERNAL:0000004b	fprintf	int fprintf(FILE * __stream, char * __format, ...)
FUNC	EXTERNAL:0000004c	pthread_self	pthread_t pthread_self()
FUNC	EXTERNAL:0000004d	pthread_detach	int pthread_detach(pthread_t __th)
FUNC	EXTERNAL:0000004e	memmove	void * memmove(void * __dest, void * __src, size_t __n)
FUNC	EXTERNAL:0000004f	floorf	float floorf(float __x)
FUNC	EXTERNAL:00000050	ceilf	float ceilf(float __x)
FUNC	EXTERNAL:00000051	fmod	double fmod(double __x, double __y)
FUNC	EXTERNAL:00000052	acos	double acos(double __x)
FUNC	EXTERNAL:00000053	cos	double cos(double __x)
FUNC	EXTERNAL:00000054	realloc	void * realloc(void * __ptr, size_t __size)
FUNC	EXTERNAL:00000055	__strdup	undefined __strdup()
FUNC	EXTERNAL:00000056	_IO_getc	int _IO_getc(_IO_FILE * __fp)
FUNC	EXTERNAL:00000057	write	ssize_t write(int __fd, void * __buf, size_t __n)
FUNC	EXTERNAL:00000058	_IO_putc	int _IO_putc(int __c, _IO_FILE * __fp)
FUNC	EXTERNAL:00000059	strncmp	int strncmp(char * __s1, char * __s2, size_t __n)
FUNC	EXTERNAL:0000005a	__ctype_b_loc	ushort * * __ctype_b_loc()
FUNC	EXTERNAL:0000005b	strtod	double strtod(char * __nptr, char * * __endptr)
FUNC	EXTERNAL:0000005c	scandir	int scandir(char * __dir, dirent * * * __namelist, __selector * __selector, __cmp * __cmp)
FUNC	EXTERNAL:0000005d	alphasort	int alphasort(dirent * * __e1, dirent * * __e2)
FUNC	EXTERNAL:0000005e	strerror	char * strerror(int __errnum)
FUNC	EXTERNAL:0000005f	snprintf	int snprintf(char * __s, size_t __maxlen, char * __format, ...)
FUNC	EXTERNAL:00000060	mkdir	int mkdir(char * __path, __mode_t __mode)
FUNC	EXTERNAL:00000061	pthread_getspecific	void * pthread_getspecific(pthread_key_t __key)
FUNC	EXTERNAL:00000062	pthread_key_delete	int pthread_key_delete(pthread_key_t __key)
FUNC	EXTERNAL:00000063	pthread_key_create	int pthread_key_create(pthread_key_t * __key, __destr_function * __destr_function)
FUNC	EXTERNAL:00000064	pthread_once	int pthread_once(pthread_once_t * __once_control, __init_routine * __init_routine)
FUNC	EXTERNAL:00000065	pthread_setspecific	int pthread_setspecific(pthread_key_t __key, void * __pointer)
FUNC	EXTERNAL:00000066	__ctype_get_mb_cur_max	size_t __ctype_get_mb_cur_max()
FUNC	EXTERNAL:00000067	memcmp	int memcmp(void * __s1, void * __s2, size_t __n)
FUNC	EXTERNAL:00000068	mbrtowc	size_t mbrtowc(wchar_t * __pwc, char * __s, size_t __n, mbstate_t * __p)
FUNC	EXTERNAL:00000069	wcrtomb	size_t wcrtomb(char * __s, wchar_t __wc, mbstate_t * __ps)
FUNC	EXTERNAL:0000006a	nl_langinfo	char * nl_langinfo(nl_item __item)
FUNC	EXTERNAL:0000006b	raise	int raise(int __sig)
FUNC	EXTERNAL:0000006c	__gmon_start__	undefined __gmon_start__()
DATA	00008000	Elf32_Ehdr_00008000	Elf32_Ehdr	52
DATA	00008034	Elf32_Phdr_ARRAY_00008034	Elf32_Phdr[10]	320
DATA	00008174	s_/lib/ld-linux-armhf.so.3_00008174	TerminatedCString	25
DATA	00008190	NoteAbiTag_00008190	NoteAbiTag	32
DATA	000081b0	__DT_SYMTAB	Elf32_Sym[114]	1824
DATA	00008d8c	__DT_HASH	dword	4
DATA	000090e0	__DT_VERSYM	word	2
DATA	00009294	__DT_REL	Elf32_Rel[4]	32
DATA	000092b4	__DT_JMPREL	Elf32_Rel[105]	840
FUNC	000095fc	_init	int _init(EVP_PKEY_CTX * ctx)
DATA	00009618	DAT_00009618	undefined4	4
FUNC	0000961c	__libc_start_main	undefined __libc_start_main()
FUNC	00009628	abort	void abort()
FUNC	00009640	vfprintf	int vfprintf(FILE * __s, char * __format, __gnuc_va_list __arg)
FUNC	0000964c	fflush	int fflush(FILE * __stream)
FUNC	00009658	fileno	int fileno(FILE * __stream)
FUNC	00009664	fsync	int fsync(int __fd)
FUNC	00009670	sprintf	int sprintf(char * __s, char * __format, ...)
FUNC	0000967c	fopen	FILE * fopen(char * __filename, char * __modes)
FUNC	00009688	fclose	int fclose(FILE * __stream)
FUNC	00009694	strtol	long strtol(char * __nptr, char * * __endptr, int __base)
FUNC	000096a0	printf	int printf(char * __format, ...)
FUNC	000096ac	stpcpy	char * stpcpy(char * __dest, char * __src)
FUNC	000096b8	strcpy	char * strcpy(char * __dest, char * __src)
FUNC	000096c4	puts	int puts(char * __s)
FUNC	000096d0	memcpy	void * memcpy(void * __dest, void * __src, size_t __n)
FUNC	000096dc	readlink	ssize_t readlink(char * __path, char * __buf, size_t __len)
FUNC	000096e8	strrchr	char * strrchr(char * __s, int __c)
FUNC	000096f4	fgets	char * fgets(char * __s, int __n, FILE * __stream)
FUNC	00009700	vsnprintf	int vsnprintf(char * __s, size_t __maxlen, char * __format, __gnuc_va_list __arg)
FUNC	0000970c	shmget	int shmget(key_t __key, size_t __size, int __shmflg)
FUNC	00009718	shmat	void * shmat(int __shmid, void * __shmaddr, int __shmflg)
FUNC	00009724	shmdt	int shmdt(void * __shmaddr)
FUNC	00009730	usleep	int usleep(__useconds_t __useconds)
FUNC	0000973c	malloc	void * malloc(size_t __size)
FUNC	00009748	pthread_create	int pthread_create(pthread_t * __newthread, pthread_attr_t * __attr, __start_routine * __start_routine, void * __arg)
FUNC	00009754	putchar	int putchar(int __c)
FUNC	00009760	free	void free(void * __ptr)
FUNC	0000976c	fread	size_t fread(void * __ptr, size_t __size, size_t __n, FILE * __stream)
FUNC	00009778	memset	void * memset(void * __s, int __c, size_t __n)
FUNC	00009784	sync	void sync()
FUNC	00009790	reboot	int reboot(int __howto)
FUNC	0000979c	access	int access(char * __name, int __type)
FUNC	000097a8	read	ssize_t read(int __fd, void * __buf, size_t __nbytes)
FUNC	000097b4	close	int close(int __fd)
FUNC	000097c0	strcat	char * strcat(char * __dest, char * __src)
FUNC	000097cc	open	int open(char * __file, int __oflag, ...)
FUNC	000097d8	__errno_location	int * __errno_location()
FUNC	000097e4	gettimeofday	int gettimeofday(timeval * __tv, __timezone_ptr_t __tz)
FUNC	000097f0	fseek	int fseek(FILE * __stream, long __off, int __whence)
FUNC	000097fc	ftell	long ftell(FILE * __stream)
FUNC	00009808	compress	undefined compress()
FUNC	00009814	uncompress	undefined uncompress()
FUNC	00009820	strcmp	int strcmp(char * __s1, char * __s2)
FUNC	0000982c	mmap	void * mmap(void * __addr, size_t __len, int __prot, int __flags, int __fd, __off_t __offset)
FUNC	00009838	munmap	int munmap(void * __addr, size_t __len)
FUNC	00009844	strlen	size_t strlen(char * __s)
FUNC	00009850	strchr	char * strchr(char * __s, int __c)
FUNC	0000985c	__isoc99_sscanf	undefined __isoc99_sscanf()
FUNC	00009868	strstr	char * strstr(char * __haystack, char * __needle)
FUNC	00009874	pthread_mutex_unlock	int pthread_mutex_unlock(pthread_mutex_t * __mutex)
FUNC	00009880	pthread_mutex_lock	int pthread_mutex_lock(pthread_mutex_t * __mutex)
FUNC	0000988c	pthread_cond_signal	int pthread_cond_signal(pthread_cond_t * __cond)
FUNC	00009898	pthread_cond_wait	int pthread_cond_wait(pthread_cond_t * __cond, pthread_mutex_t * __mutex)
FUNC	000098a4	dlsym	undefined dlsym()
FUNC	000098b0	dlopen	undefined dlopen()
FUNC	000098bc	dlerror	undefined dlerror()
FUNC	000098c8	dlclose	undefined dlclose()
FUNC	000098d4	calloc	void * calloc(size_t __nmemb, size_t __size)
FUNC	000098e0	operator.new	void * operator.new(uint param_1)
FUNC	000098ec	operator.delete	void operator.delete(void * param_1)
FUNC	000098f8	operator.new[]	void * operator.new[](uint param_1)
FUNC	00009904	operator.delete[]	void operator.delete[](void * param_1)
FUNC	00009910	fwrite	size_t fwrite(void * __ptr, size_t __size, size_t __n, FILE * __s)
FUNC	0000991c	strncpy	char * strncpy(char * __dest, char * __src, size_t __n)
FUNC	00009928	sqrt	double sqrt(double __x)
FUNC	00009934	sqrtf	float sqrtf(float __x)
FUNC	00009940	pow	double pow(double __x, double __y)
FUNC	0000994c	islower	int islower(int param_1)
FUNC	00009958	__ctype_toupper_loc	__int32_t * * __ctype_toupper_loc()
FUNC	00009964	rewind	void rewind(FILE * __stream)
FUNC	00009970	fputc	int fputc(int __c, FILE * __stream)
FUNC	0000997c	fprintf	int fprintf(FILE * __stream, char * __format, ...)
FUNC	00009988	pthread_self	pthread_t pthread_self()
FUNC	00009994	pthread_detach	int pthread_detach(pthread_t __th)
FUNC	000099a0	floorf	float floorf(float __x)
FUNC	000099ac	ceilf	float ceilf(float __x)
FUNC	000099b8	fmod	double fmod(double __x, double __y)
FUNC	000099c4	acos	double acos(double __x)
FUNC	000099d0	cos	double cos(double __x)
FUNC	000099dc	__ctype_b_loc	ushort * * __ctype_b_loc()
FUNC	000099e8	scandir	int scandir(char * __dir, dirent * * * __namelist, __selector * __selector, __cmp * __cmp)
FUNC	000099f4	mkdir	int mkdir(char * __path, __mode_t __mode)
FUNC	00009a00	memmove	void * memmove(void * __dest, void * __src, size_t __n)
FUNC	00009a0c	realloc	void * realloc(void * __ptr, size_t __size)
FUNC	00009a18	__strdup	undefined __strdup()
FUNC	00009a24	_IO_getc	int _IO_getc(_IO_FILE * __fp)
FUNC	00009a30	write	ssize_t write(int __fd, void * __buf, size_t __n)
FUNC	00009a3c	_IO_putc	int _IO_putc(int __c, _IO_FILE * __fp)
FUNC	00009a48	strncmp	int strncmp(char * __s1, char * __s2, size_t __n)
FUNC	00009a54	strtod	double strtod(char * __nptr, char * * __endptr)
FUNC	00009a60	strerror	char * strerror(int __errnum)
FUNC	00009a6c	snprintf	int snprintf(char * __s, size_t __maxlen, char * __format, ...)
FUNC	00009a84	pthread_once	int pthread_once(pthread_once_t * __once_control, __init_routine * __init_routine)
FUNC	00009a90	pthread_getspecific	void * pthread_getspecific(pthread_key_t __key)
FUNC	00009a9c	pthread_setspecific	int pthread_setspecific(pthread_key_t __key, void * __pointer)
FUNC	00009aa8	pthread_key_delete	int pthread_key_delete(pthread_key_t __key)
FUNC	00009ab4	wcrtomb	size_t wcrtomb(char * __s, wchar_t __wc, mbstate_t * __ps)
FUNC	00009ac0	__ctype_get_mb_cur_max	size_t __ctype_get_mb_cur_max()
FUNC	00009acc	mbrtowc	size_t mbrtowc(wchar_t * __pwc, char * __s, size_t __n, mbstate_t * __p)
FUNC	00009ad8	memcmp	int memcmp(void * __s1, void * __s2, size_t __n)
FUNC	00009ae4	qsort	void qsort(void * __base, size_t __nmemb, size_t __size, __compar_fn_t __compar)
FUNC	00009af0	nl_langinfo	char * nl_langinfo(nl_item __item)
FUNC	00009afc	raise	int raise(int __sig)
FUNC	00009b10	_mxml_fini	undefined _mxml_fini()
DATA	00009b50	DAT_00009b50	undefined4	4
DATA	00009b54	DAT_00009b54	undefined4	4
FUNC	00009b58	main	undefined main()
DATA	00009d10	DAT_00009d10	undefined4	4
DATA	00009d14	DAT_00009d14	undefined4	4
DATA	00009d18	DAT_00009d18	undefined4	4
DATA	00009d1c	DAT_00009d1c	undefined4	4
DATA	00009d20	DAT_00009d20	undefined4	4
DATA	00009d24	DAT_00009d24	undefined4	4
DATA	00009d28	DAT_00009d28	undefined4	4
DATA	00009d2c	DAT_00009d2c	undefined4	4
DATA	00009d30	DAT_00009d30	undefined4	4
DATA	00009d34	DAT_00009d34	undefined4	4
DATA	00009d38	DAT_00009d38	undefined4	4
DATA	00009d3c	DAT_00009d3c	undefined4	4
DATA	00009d40	DAT_00009d40	undefined4	4
FUNC	00009d44	_start	undefined _start()
DATA	00009d74	DAT_00009d74	undefined4	4
DATA	00009d78	DAT_00009d78	undefined4	4
DATA	00009d7c	DAT_00009d7c	undefined4	4
FUNC	00009d80	call_weak_fn	undefined call_weak_fn()
DATA	00009d9c	DAT_00009d9c	undefined4	4
DATA	00009da0	DAT_00009da0	undefined4	4
FUNC	00009da4	deregister_tm_clones	undefined deregister_tm_clones()
DATA	00009dd0	DAT_00009dd0	undefined4	4
FUNC	00009dd4	register_tm_clones	undefined register_tm_clones()
FUNC	00009e0c	__do_global_dtors_aux	undefined __do_global_dtors_aux()
FUNC	00009e34	frame_dummy	undefined frame_dummy()
FUNC	00009e6c	RARCH_LOG_V	undefined RARCH_LOG_V()
DATA	00009ecc	DAT_00009ecc	undefined4	4
DATA	00009ed0	DAT_00009ed0	undefined4	4
DATA	00009ed4	DAT_00009ed4	undefined4	4
FUNC	00009ed8	RARCH_LOG	undefined RARCH_LOG()
FUNC	00009f04	GetConfig	undefined GetConfig()
DATA	0000a3b8	DAT_0000a3b8	undefined4	4
DATA	0000a3bc	DAT_0000a3bc	undefined4	4
DATA	0000a3c0	DAT_0000a3c0	undefined4	4
DATA	0000a3c4	DAT_0000a3c4	undefined4	4
DATA	0000a3c8	DAT_0000a3c8	undefined4	4
DATA	0000a3cc	DAT_0000a3cc	undefined4	4
DATA	0000a3d0	DAT_0000a3d0	undefined4	4
DATA	0000a3d4	DAT_0000a3d4	undefined4	4
DATA	0000a3d8	DAT_0000a3d8	undefined4	4
DATA	0000a3dc	DAT_0000a3dc	undefined4	4
DATA	0000a3e0	DAT_0000a3e0	undefined4	4
DATA	0000a3e4	DAT_0000a3e4	undefined4	4
DATA	0000a3e8	DAT_0000a3e8	undefined4	4
DATA	0000a3ec	DAT_0000a3ec	undefined4	4
DATA	0000a3f0	DAT_0000a3f0	undefined4	4
DATA	0000a3f4	DAT_0000a3f4	undefined4	4
DATA	0000a3f8	DAT_0000a3f8	undefined4	4
DATA	0000a3fc	DAT_0000a3fc	undefined4	4
DATA	0000a400	DAT_0000a400	undefined4	4
DATA	0000a404	DAT_0000a404	undefined4	4
DATA	0000a408	DAT_0000a408	undefined4	4
DATA	0000a40c	DAT_0000a40c	undefined4	4
DATA	0000a410	DAT_0000a410	undefined4	4
DATA	0000a414	DAT_0000a414	undefined4	4
DATA	0000a418	DAT_0000a418	undefined4	4
DATA	0000a41c	DAT_0000a41c	undefined4	4
DATA	0000a420	DAT_0000a420	undefined4	4
DATA	0000a424	DAT_0000a424	undefined4	4
DATA	0000a428	DAT_0000a428	undefined4	4
DATA	0000a42c	DAT_0000a42c	undefined4	4
DATA	0000a430	DAT_0000a430	undefined4	4
DATA	0000a434	DAT_0000a434	undefined4	4
FUNC	0000a438	get_executable_path	undefined get_executable_path()
DATA	0000a498	DAT_0000a498	undefined4	4
FUNC	0000a49c	dispmeninfo	undefined dispmeninfo()
DATA	0000a51c	DAT_0000a51c	undefined4	4
DATA	0000a520	DAT_0000a520	undefined4	4
DATA	0000a524	DAT_0000a524	undefined4	4
DATA	0000a528	DAT_0000a528	undefined4	4
DATA	0000a52c	DAT_0000a52c	undefined4	4
FUNC	0000a530	outputxy1	undefined outputxy1()
DATA	0000a6d0	DAT_0000a6d0	undefined4	4
DATA	0000a6d4	DAT_0000a6d4	undefined4	4
DATA	0000a6d8	DAT_0000a6d8	undefined4	4
DATA	0000a6dc	DAT_0000a6dc	undefined4	4
DATA	0000a6e0	DAT_0000a6e0	undefined4	4
DATA	0000a6e4	DAT_0000a6e4	undefined4	4
DATA	0000a6e8	DAT_0000a6e8	undefined4	4
DATA	0000a6ec	DAT_0000a6ec	undefined4	4
FUNC	0000a6f0	spi_printf	undefined spi_printf()
DATA	0000a764	DAT_0000a764	undefined4	4
DATA	0000a768	DAT_0000a768	undefined4	4
DATA	0000a76c	DAT_0000a76c	undefined4	4
DATA	0000a770	DAT_0000a770	undefined4	4
FUNC	0000a774	ShareMemCreat	undefined ShareMemCreat()
DATA	0000a7f8	DAT_0000a7f8	undefined4	4
DATA	0000a7fc	DAT_0000a7fc	undefined4	4
DATA	0000a800	DAT_0000a800	undefined4	4
DATA	0000a804	DAT_0000a804	undefined4	4
DATA	0000a808	DAT_0000a808	undefined4	4
FUNC	0000a80c	ShareMemClose	undefined ShareMemClose()
DATA	0000a850	DAT_0000a850	undefined4	4
DATA	0000a854	DAT_0000a854	undefined4	4
DATA	0000a858	DAT_0000a858	undefined4	4
FUNC	0000a85c	xintiao	undefined xintiao()
DATA	0000a888	DAT_0000a888	undefined4	4
DATA	0000a88c	DAT_0000a88c	undefined4	4
FUNC	0000a890	XintiaoThread	undefined XintiaoThread()
FUNC	0000a8a4	UpdateROMProc	undefined UpdateROMProc()
DATA	0000abbc	DAT_0000abbc	undefined4	4
DATA	0000abc0	DAT_0000abc0	undefined4	4
DATA	0000abc4	DAT_0000abc4	undefined4	4
DATA	0000abc8	DAT_0000abc8	undefined4	4
DATA	0000abcc	DAT_0000abcc	undefined4	4
DATA	0000abd0	DAT_0000abd0	undefined4	4
DATA	0000abd4	DAT_0000abd4	undefined4	4
DATA	0000abd8	DAT_0000abd8	undefined4	4
DATA	0000abdc	DAT_0000abdc	undefined4	4
DATA	0000abe0	DAT_0000abe0	undefined4	4
DATA	0000abe4	DAT_0000abe4	undefined4	4
DATA	0000abe8	DAT_0000abe8	undefined4	4
DATA	0000abec	DAT_0000abec	undefined4	4
DATA	0000abf0	DAT_0000abf0	undefined4	4
DATA	0000abf4	DAT_0000abf4	undefined4	4
FUNC	0000abf8	DateToTmuDate	undefined DateToTmuDate()
DATA	0000ac40	DAT_0000ac40	undefined4	4
FUNC	0000ac44	UpdateROM	undefined UpdateROM()
DATA	0000afd4	DAT_0000afd4	undefined4	4
DATA	0000afd8	DAT_0000afd8	undefined4	4
DATA	0000afdc	DAT_0000afdc	undefined4	4
DATA	0000afe0	DAT_0000afe0	undefined4	4
DATA	0000afe4	DAT_0000afe4	undefined4	4
DATA	0000afe8	DAT_0000afe8	undefined4	4
DATA	0000afec	DAT_0000afec	undefined4	4
DATA	0000aff0	DAT_0000aff0	undefined4	4
DATA	0000aff4	DAT_0000aff4	undefined4	4
DATA	0000aff8	DAT_0000aff8	undefined4	4
DATA	0000affc	DAT_0000affc	undefined4	4
DATA	0000b000	DAT_0000b000	undefined4	4
DATA	0000b004	DAT_0000b004	undefined4	4
DATA	0000b008	DAT_0000b008	undefined4	4
DATA	0000b00c	DAT_0000b00c	undefined4	4
DATA	0000b010	DAT_0000b010	undefined4	4
FUNC	0000b014	TestUSBJoy	undefined TestUSBJoy()
DATA	0000b2d8	DAT_0000b2d8	undefined4	4
DATA	0000b2dc	DAT_0000b2dc	undefined4	4
DATA	0000b2e0	DAT_0000b2e0	undefined4	4
DATA	0000b2e4	DAT_0000b2e4	undefined4	4
DATA	0000b2e8	DAT_0000b2e8	undefined4	4
DATA	0000b2ec	DAT_0000b2ec	undefined4	4
DATA	0000b2f0	DAT_0000b2f0	undefined4	4
DATA	0000b2f4	DAT_0000b2f4	undefined4	4
DATA	0000b2f8	DAT_0000b2f8	undefined4	4
DATA	0000b2fc	DAT_0000b2fc	undefined4	4
DATA	0000b300	DAT_0000b300	undefined4	4
DATA	0000b304	DAT_0000b304	undefined4	4
DATA	0000b308	DAT_0000b308	undefined4	4
FUNC	0000b30c	ConvertCode	undefined ConvertCode()
DATA	0000b3f4	DAT_0000b3f4	undefined4	4
DATA	0000b3f8	DAT_0000b3f8	undefined4	4
DATA	0000b3fc	DAT_0000b3fc	undefined4	4
FUNC	0000b400	GetTick	undefined GetTick()
FUNC	0000b430	WaitNMI	undefined WaitNMI()
DATA	0000b4a4	DAT_0000b4a4	undefined4	4
DATA	0000b4a8	DAT_0000b4a8	undefined4	4
DATA	0000b4ac	DAT_0000b4ac	undefined4	4
FUNC	0000b4b0	TestRun	undefined TestRun()
DATA	0000b68c	DAT_0000b68c	undefined4	4
DATA	0000b690	DAT_0000b690	undefined4	4
DATA	0000b694	DAT_0000b694	undefined4	4
DATA	0000b698	DAT_0000b698	undefined4	4
DATA	0000b69c	DAT_0000b69c	undefined4	4
DATA	0000b6a0	DAT_0000b6a0	undefined4	4
DATA	0000b6a4	DAT_0000b6a4	undefined4	4
DATA	0000b6a8	DAT_0000b6a8	undefined4	4
DATA	0000b6ac	DAT_0000b6ac	undefined4	4
FUNC	0000b6b0	TestLibz0	undefined TestLibz0()
DATA	0000b8d4	DAT_0000b8d4	undefined4	4
DATA	0000b8d8	DAT_0000b8d8	undefined4	4
DATA	0000b8dc	DAT_0000b8dc	undefined4	4
DATA	0000b8e0	DAT_0000b8e0	undefined4	4
DATA	0000b8e4	DAT_0000b8e4	undefined4	4
DATA	0000b8e8	DAT_0000b8e8	undefined4	4
DATA	0000b8ec	DAT_0000b8ec	undefined4	4
DATA	0000b8f0	DAT_0000b8f0	undefined4	4
DATA	0000b8f4	DAT_0000b8f4	undefined4	4
DATA	0000b8f8	DAT_0000b8f8	undefined4	4
DATA	0000b8fc	DAT_0000b8fc	undefined4	4
DATA	0000b900	DAT_0000b900	undefined4	4
FUNC	0000b904	TestLibz1	undefined TestLibz1()
DATA	0000b9fc	DAT_0000b9fc	undefined4	4
DATA	0000ba00	DAT_0000ba00	undefined4	4
DATA	0000ba04	DAT_0000ba04	undefined4	4
DATA	0000ba08	DAT_0000ba08	undefined4	4
DATA	0000ba0c	DAT_0000ba0c	undefined4	4
DATA	0000ba10	DAT_0000ba10	undefined4	4
DATA	0000ba14	DAT_0000ba14	undefined4	4
DATA	0000ba18	DAT_0000ba18	undefined4	4
FUNC	0000ba1c	sunxi_gpio_init	undefined sunxi_gpio_init()
DATA	0000bbc8	DAT_0000bbc8	undefined4	4
DATA	0000bbcc	DAT_0000bbcc	undefined4	4
DATA	0000bbd0	DAT_0000bbd0	undefined4	4
DATA	0000bbd4	DAT_0000bbd4	undefined4	4
DATA	0000bbd8	DAT_0000bbd8	undefined4	4
FUNC	0000bbdc	sunxi_gpio_set_cfgpin	undefined sunxi_gpio_set_cfgpin()
DATA	0000bcc4	DAT_0000bcc4	undefined4	4
DATA	0000bcc8	DAT_0000bcc8	undefined4	4
DATA	0000bccc	DAT_0000bccc	undefined4	4
DATA	0000bcd0	DAT_0000bcd0	undefined4	4
DATA	0000bcd4	DAT_0000bcd4	undefined4	4
DATA	0000bcd8	DAT_0000bcd8	undefined4	4
FUNC	0000bcdc	sunxi_gpio_get_cfgpin	undefined sunxi_gpio_get_cfgpin()
DATA	0000bd40	DAT_0000bd40	undefined4	4
DATA	0000bd44	DAT_0000bd44	undefined4	4
DATA	0000bd48	DAT_0000bd48	undefined4	4
FUNC	0000bd4c	sunxi_gpio_output	undefined sunxi_gpio_output()
DATA	0000be34	DAT_0000be34	undefined4	4
DATA	0000be38	DAT_0000be38	undefined4	4
DATA	0000be3c	DAT_0000be3c	undefined4	4
DATA	0000be40	DAT_0000be40	undefined4	4
DATA	0000be44	DAT_0000be44	undefined4	4
DATA	0000be48	DAT_0000be48	undefined4	4
FUNC	0000be4c	sunxi_gpio_input	undefined sunxi_gpio_input()
DATA	0000beb0	DAT_0000beb0	undefined4	4
DATA	0000beb4	DAT_0000beb4	undefined4	4
DATA	0000beb8	DAT_0000beb8	undefined4	4
FUNC	0000bebc	sunxi_gpio_cleanup	undefined sunxi_gpio_cleanup()
DATA	0000bf88	DAT_0000bf88	undefined4	4
DATA	0000bf8c	DAT_0000bf8c	undefined4	4
DATA	0000bf90	DAT_0000bf90	undefined4	4
DATA	0000bf94	DAT_0000bf94	undefined4	4
DATA	0000bf98	DAT_0000bf98	undefined4	4
FUNC	0000bf9c	get_from_line	undefined get_from_line()
DATA	0000c090	DAT_0000c090	undefined4	4
DATA	0000c094	DAT_0000c094	undefined4	4
DATA	0000c098	DAT_0000c098	undefined4	4
DATA	0000c09c	DAT_0000c09c	undefined4	4
FUNC	0000c0a0	GetInputInfo	undefined GetInputInfo()
DATA	0000c148	DAT_0000c148	undefined4	4
DATA	0000c14c	DAT_0000c14c	undefined4	4
FUNC	0000c150	ReadUSBJoy	undefined ReadUSBJoy()
DATA	0000c594	DAT_0000c594	undefined4	4
DATA	0000c598	DAT_0000c598	undefined4	4
DATA	0000c59c	DAT_0000c59c	undefined4	4
DATA	0000c5a0	DAT_0000c5a0	undefined4	4
DATA	0000c5a4	DAT_0000c5a4	undefined4	4
DATA	0000c5a8	DAT_0000c5a8	undefined4	4
DATA	0000c5ac	DAT_0000c5ac	undefined4	4
DATA	0000c5b0	DAT_0000c5b0	undefined4	4
DATA	0000c5b4	DAT_0000c5b4	undefined4	4
DATA	0000c5b8	DAT_0000c5b8	undefined4	4
DATA	0000c5bc	DAT_0000c5bc	undefined4	4
DATA	0000c5c0	DAT_0000c5c0	undefined4	4
DATA	0000c5c4	DAT_0000c5c4	undefined4	4
DATA	0000c5c8	DAT_0000c5c8	undefined4	4
DATA	0000c5cc	DAT_0000c5cc	undefined4	4
DATA	0000c5d0	DAT_0000c5d0	undefined4	4
DATA	0000c5d4	DAT_0000c5d4	undefined4	4
DATA	0000c5d8	DAT_0000c5d8	undefined4	4
DATA	0000c5dc	DAT_0000c5dc	undefined4	4
DATA	0000c5e0	DAT_0000c5e0	undefined4	4
DATA	0000c5e4	DAT_0000c5e4	undefined4	4
DATA	0000c5e8	DAT_0000c5e8	undefined4	4
DATA	0000c5ec	DAT_0000c5ec	undefined4	4
DATA	0000c5f0	DAT_0000c5f0	undefined4	4
DATA	0000c5f4	DAT_0000c5f4	undefined4	4
DATA	0000c5f8	DAT_0000c5f8	undefined4	4
FUNC	0000c5fc	InitMDJoystick	undefined InitMDJoystick()
FUNC	0000c658	ReadPS2JS	undefined ReadPS2JS()
FUNC	0000c7d8	ReadJoystickProc	undefined ReadJoystickProc()
DATA	0000c838	DAT_0000c838	undefined4	4
DATA	0000c83c	DAT_0000c83c	undefined4	4
DATA	0000c840	DAT_0000c840	undefined4	4
FUNC	0000c844	processvblank	undefined processvblank()
FUNC	0000c848	ReadJoystickThread	undefined ReadJoystickThread()
DATA	0000c8ac	DAT_0000c8ac	undefined4	4
DATA	0000c8b0	DAT_0000c8b0	undefined4	4
DATA	0000c8b4	DAT_0000c8b4	undefined4	4
DATA	0000c8b8	DAT_0000c8b8	undefined4	4
FUNC	0000c8bc	timer_thread	undefined timer_thread()
FUNC	0000c8cc	SetBacklight	undefined SetBacklight()
FUNC	0000c8e8	InitIOSignal	undefined InitIOSignal()
FUNC	0000c8ec	OutputIOSignal	undefined OutputIOSignal()
FUNC	0000c8f0	ReadJoystick	undefined ReadJoystick()
DATA	0000c9bc	DAT_0000c9bc	undefined4	4
DATA	0000c9c0	DAT_0000c9c0	undefined4	4
DATA	0000c9c4	DAT_0000c9c4	undefined4	4
DATA	0000c9c8	DAT_0000c9c8	undefined4	4
DATA	0000c9cc	DAT_0000c9cc	undefined4	4
DATA	0000c9d0	DAT_0000c9d0	undefined4	4
FUNC	0000c9d4	osDelay	undefined osDelay()
FUNC	0000c9e0	SPI_WW	undefined SPI_WW()
FUNC	0000ca48	SPI_RR	undefined SPI_RR()
FUNC	0000caa4	SPI_Read	undefined SPI_Read()
FUNC	0000cb0c	SPI_Read_BUF	undefined SPI_Read_BUF()
FUNC	0000cb94	SPI_Write_BUF	undefined SPI_Write_BUF()
FUNC	0000cc04	SPI_Write	undefined SPI_Write()
FUNC	0000cc54	RxMode	undefined RxMode()
FUNC	0000cca0	TxMode	undefined TxMode()
FUNC	0000ccf8	getticks	undefined getticks()
FUNC	0000cd24	RF_Joystick_timer_isr	undefined RF_Joystick_timer_isr()
DATA	0000d194	DAT_0000d194	undefined4	4
DATA	0000d198	DAT_0000d198	undefined4	4
DATA	0000d19c	DAT_0000d19c	undefined4	4
DATA	0000d1a0	DAT_0000d1a0	undefined4	4
DATA	0000d1a4	DAT_0000d1a4	undefined4	4
DATA	0000d1a8	DAT_0000d1a8	undefined4	4
DATA	0000d1ac	DAT_0000d1ac	undefined4	4
DATA	0000d1b0	DAT_0000d1b0	undefined4	4
DATA	0000d1b4	DAT_0000d1b4	undefined4	4
DATA	0000d1b8	DAT_0000d1b8	undefined4	4
DATA	0000d1bc	DAT_0000d1bc	undefined4	4
DATA	0000d1c0	DAT_0000d1c0	undefined4	4
FUNC	0000d1c4	InitRFJoystick	undefined InitRFJoystick()
DATA	0000d450	DAT_0000d450	undefined4	4
DATA	0000d454	DAT_0000d454	undefined4	4
DATA	0000d458	DAT_0000d458	undefined4	4
DATA	0000d45c	DAT_0000d45c	undefined4	4
DATA	0000d460	DAT_0000d460	undefined4	4
DATA	0000d464	DAT_0000d464	undefined4	4
DATA	0000d468	DAT_0000d468	undefined4	4
DATA	0000d46c	DAT_0000d46c	undefined4	4
DATA	0000d470	DAT_0000d470	undefined4	4
DATA	0000d474	DAT_0000d474	undefined4	4
DATA	0000d478	DAT_0000d478	undefined4	4
DATA	0000d47c	DAT_0000d47c	undefined4	4
DATA	0000d480	DAT_0000d480	undefined4	4
DATA	0000d484	DAT_0000d484	undefined4	4
FUNC	0000d488	InitJoystick	undefined InitJoystick()
DATA	0000d4f0	DAT_0000d4f0	undefined4	4
DATA	0000d4f4	DAT_0000d4f4	undefined4	4
DATA	0000d4f8	DAT_0000d4f8	undefined4	4
DATA	0000d4fc	DAT_0000d4fc	undefined4	4
DATA	0000d500	DAT_0000d500	undefined4	4
DATA	0000d504	DAT_0000d504	undefined4	4
FUNC	0000d508	GetDecodeData	undefined GetDecodeData()
FUNC	0000d510	InitDecode	undefined InitDecode()
FUNC	0000d514	ReInitDecode	undefined ReInitDecode()
FUNC	0000d518	ScaleDisplayThread	undefined ScaleDisplayThread()
DATA	0000d604	DAT_0000d604	undefined4	4
DATA	0000d608	DAT_0000d608	undefined4	4
DATA	0000d60c	DAT_0000d60c	undefined4	4
DATA	0000d610	DAT_0000d610	undefined4	4
DATA	0000d614	DAT_0000d614	undefined4	4
DATA	0000d618	DAT_0000d618	undefined4	4
DATA	0000d61c	DAT_0000d61c	undefined4	4
DATA	0000d620	DAT_0000d620	undefined4	4
DATA	0000d624	DAT_0000d624	undefined4	4
FUNC	0000d628	run_process.constprop.0	undefined run_process.constprop.0()
DATA	0000d670	DAT_0000d670	undefined4	4
DATA	0000d674	DAT_0000d674	undefined4	4
FUNC	0000d678	InitDisplay	undefined InitDisplay()
DATA	0000d884	DAT_0000d884	undefined4	4
DATA	0000d888	DAT_0000d888	undefined4	4
DATA	0000d88c	DAT_0000d88c	undefined4	4
DATA	0000d890	DAT_0000d890	undefined4	4
DATA	0000d894	DAT_0000d894	undefined4	4
DATA	0000d898	DAT_0000d898	undefined4	4
DATA	0000d89c	DAT_0000d89c	undefined4	4
DATA	0000d8a0	DAT_0000d8a0	undefined4	4
DATA	0000d8a4	DAT_0000d8a4	undefined4	4
DATA	0000d8a8	DAT_0000d8a8	undefined4	4
DATA	0000d8ac	DAT_0000d8ac	undefined4	4
DATA	0000d8b0	DAT_0000d8b0	undefined4	4
DATA	0000d8b4	DAT_0000d8b4	undefined4	4
DATA	0000d8b8	DAT_0000d8b8	undefined4	4
DATA	0000d8bc	DAT_0000d8bc	undefined4	4
DATA	0000d8c0	DAT_0000d8c0	undefined4	4
DATA	0000d8c4	DAT_0000d8c4	undefined4	4
DATA	0000d8c8	DAT_0000d8c8	undefined4	4
DATA	0000d8cc	DAT_0000d8cc	undefined4	4
DATA	0000d8d0	DAT_0000d8d0	undefined4	4
DATA	0000d8d4	DAT_0000d8d4	undefined4	4
DATA	0000d8d8	DAT_0000d8d8	undefined4	4
DATA	0000d8dc	DAT_0000d8dc	undefined4	4
DATA	0000d8e0	DAT_0000d8e0	undefined4	4
FUNC	0000d8e4	dispFlip	undefined dispFlip()
DATA	0000da24	DAT_0000da24	undefined4	4
DATA	0000da28	DAT_0000da28	undefined4	4
DATA	0000da2c	DAT_0000da2c	undefined4	4
DATA	0000da30	DAT_0000da30	undefined4	4
DATA	0000da34	DAT_0000da34	undefined4	4
DATA	0000da38	DAT_0000da38	undefined4	4
DATA	0000da3c	DAT_0000da3c	undefined4	4
DATA	0000da40	DAT_0000da40	undefined4	4
DATA	0000da44	DAT_0000da44	undefined4	4
DATA	0000da48	DAT_0000da48	undefined4	4
FUNC	0000da4c	video_driver_set_rotation	undefined video_driver_set_rotation()
DATA	0000da90	DAT_0000da90	undefined4	4
DATA	0000da94	DAT_0000da94	undefined4	4
DATA	0000da98	DAT_0000da98	undefined4	4
FUNC	0000da9c	video_driver_set_colormode	undefined video_driver_set_colormode()
DATA	0000dad8	DAT_0000dad8	undefined4	4
DATA	0000dadc	DAT_0000dadc	undefined4	4
FUNC	0000dae0	DeinitDisplay	undefined DeinitDisplay()
DATA	0000db00	DAT_0000db00	undefined4	4
DATA	0000db04	DAT_0000db04	undefined4	4
FUNC	0000db08	InitSound	undefined InitSound()
DATA	0000dba8	DAT_0000dba8	undefined4	4
DATA	0000dbac	DAT_0000dbac	undefined4	4
DATA	0000dbb0	DAT_0000dbb0	undefined4	4
DATA	0000dbb4	DAT_0000dbb4	undefined4	4
DATA	0000dbb8	DAT_0000dbb8	undefined4	4
DATA	0000dbbc	DAT_0000dbbc	undefined4	4
DATA	0000dbc0	DAT_0000dbc0	undefined4	4
DATA	0000dbc4	DAT_0000dbc4	undefined4	4
DATA	0000dbc8	DAT_0000dbc8	undefined4	4
FUNC	0000dbcc	DeinitSound	undefined DeinitSound()
DATA	0000dbd8	DAT_0000dbd8	undefined4	4
FUNC	0000dbdc	PlaySound	undefined PlaySound()
DATA	0000dbfc	DAT_0000dbfc	undefined4	4
DATA	0000dc00	DAT_0000dc00	undefined4	4
FUNC	0000dc04	zcalloc	undefined zcalloc(void * param_1, uint param_2, uint param_3)
FUNC	0000dc10	zcfree	undefined zcfree(void * param_1, void * param_2)
FUNC	0000dc18	inflate_flush	undefined inflate_flush(inflate_blocks_state * param_1, z_stream_s * param_2, int param_3)
FUNC	0000dd7c	inflate_codes_new	undefined inflate_codes_new(uint param_1, uint param_2, inflate_huft_s * param_3, inflate_huft_s * param_4, z_stream_s * param_5)
FUNC	0000ddcc	inflate_codes_free	undefined inflate_codes_free(inflate_codes_state * param_1, z_stream_s * param_2)
FUNC	0000dde0	inflate_blocks_reset	undefined inflate_blocks_reset(inflate_blocks_state * param_1, z_stream_s * param_2, ulong * param_3)
FUNC	0000de78	inflate_blocks_new	undefined inflate_blocks_new(z_stream_s * param_1, _func_ulong_ulong_uchar_ptr_uint * param_2, uint param_3)
FUNC	0000df58	inflate_blocks_free	undefined inflate_blocks_free(inflate_blocks_state * param_1, z_stream_s * param_2)
FUNC	0000dfa4	huft_build	undefined huft_build(uint * param_1, uint param_2, uint param_3, uint * param_4, uint * param_5, inflate_huft_s * * param_6, uint * param_7, inflate_huft_s * param_8, uint * param_9, uint * param_10)
FUNC	0000e53c	inflate_trees_bits	undefined inflate_trees_bits(uint * param_1, uint * param_2, inflate_huft_s * * param_3, inflate_huft_s * param_4, z_stream_s * param_5)
DATA	0000e614	DAT_0000e614	undefined4	4
DATA	0000e618	DAT_0000e618	undefined4	4
FUNC	0000e61c	inflate_trees_dynamic	undefined inflate_trees_dynamic(uint param_1, uint param_2, uint * param_3, uint * param_4, uint * param_5, inflate_huft_s * * param_6, inflate_huft_s * * param_7, inflate_huft_s * param_8, z_stream_s * param_9)
DATA	0000e7c8	DAT_0000e7c8	undefined4	4
DATA	0000e7cc	DAT_0000e7cc	undefined4	4
DATA	0000e7d0	DAT_0000e7d0	undefined4	4
DATA	0000e7d4	DAT_0000e7d4	undefined4	4
DATA	0000e7d8	DAT_0000e7d8	undefined4	4
DATA	0000e7dc	DAT_0000e7dc	undefined4	4
FUNC	0000e7e0	inflate_trees_fixed	undefined inflate_trees_fixed(uint * param_1, uint * param_2, inflate_huft_s * * param_3, inflate_huft_s * * param_4, z_stream_s * param_5)
DATA	0000e81c	DAT_0000e81c	undefined4	4
DATA	0000e820	DAT_0000e820	undefined4	4
FUNC	0000e824	inflate_fast	undefined inflate_fast(uint param_1, uint param_2, inflate_huft_s * param_3, inflate_huft_s * param_4, inflate_blocks_state * param_5, z_stream_s * param_6)
DATA	0000ec80	DAT_0000ec80	undefined4	4
DATA	0000ec84	DAT_0000ec84	undefined4	4
DATA	0000ec88	DAT_0000ec88	undefined4	4
DATA	0000ec8c	DAT_0000ec8c	undefined4	4
DATA	0000ec90	DAT_0000ec90	undefined4	4
DATA	0000ec94	DAT_0000ec94	undefined4	4
FUNC	0000ec98	inflate_codes	undefined inflate_codes(inflate_blocks_state * param_1, z_stream_s * param_2, int param_3)
DATA	0000f4e4	DAT_0000f4e4	undefined4	4
DATA	0000f4e8	DAT_0000f4e8	undefined4	4
DATA	0000f4ec	DAT_0000f4ec	undefined4	4
DATA	0000f4f0	DAT_0000f4f0	undefined4	4
DATA	0000f4f4	DAT_0000f4f4	undefined4	4
DATA	0000f4f8	DAT_0000f4f8	undefined4	4
FUNC	0000f4fc	inflate_blocks	undefined inflate_blocks(inflate_blocks_state * param_1, z_stream_s * param_2, int param_3)
DATA	0000ffc0	DAT_0000ffc0	undefined4	4
DATA	0000ffc4	DAT_0000ffc4	undefined4	4
DATA	0000ffc8	DAT_0000ffc8	undefined4	4
DATA	0000ffcc	DAT_0000ffcc	undefined4	4
DATA	0000ffd0	DAT_0000ffd0	undefined4	4
DATA	0000ffd4	DAT_0000ffd4	undefined4	4
DATA	0000ffd8	DAT_0000ffd8	undefined4	4
DATA	0000ffdc	DAT_0000ffdc	undefined4	4
FUNC	0000ffe0	get_crc_table	undefined get_crc_table()
DATA	0000fff0	DAT_0000fff0	undefined4	4
FUNC	0000fff4	ucrc32	undefined ucrc32()
DATA	00010148	DAT_00010148	undefined4	4
DATA	0001014c	DAT_0001014c	undefined4	4
FUNC	00010150	adler32	undefined adler32(ulong param_1, uchar * param_2, uint param_3)
FUNC	000102d8	zlibVersion	undefined zlibVersion()
DATA	000102e4	DAT_000102e4	undefined4	4
FUNC	000102e8	zError	undefined zError(int param_1)
DATA	000102fc	DAT_000102fc	undefined4	4
FUNC	00010300	inflateReset	undefined inflateReset(z_stream_s * param_1)
FUNC	0001035c	inflateEnd	undefined inflateEnd(z_stream_s * param_1)
FUNC	000103bc	inflateInit2	undefined inflateInit2(z_stream_s * param_1)
DATA	000104a4	DAT_000104a4	undefined4	4
DATA	000104a8	DAT_000104a8	undefined4	4
DATA	000104ac	DAT_000104ac	undefined4	4
FUNC	000104b0	inflate	undefined inflate(z_stream_s * param_1, int param_2)
DATA	000109e8	DAT_000109e8	undefined4	4
DATA	000109ec	DAT_000109ec	undefined4	4
DATA	000109f0	DAT_000109f0	undefined4	4
DATA	000109f4	DAT_000109f4	undefined4	4
DATA	000109f8	DAT_000109f8	undefined4	4
FUNC	000109fc	lufopen	undefined lufopen(void * param_1, uint param_2, uint param_3, uint * param_4)
DATA	00010acc	DAT_00010acc	undefined4	4
FUNC	00010ad0	lufclose	undefined lufclose(LUFILE * param_1)
FUNC	00010b0c	luferror	undefined luferror(LUFILE * param_1)
FUNC	00010b30	luftell	undefined luftell(LUFILE * param_1)
FUNC	00010b74	lufseek	undefined lufseek(LUFILE * param_1, long param_2, int param_3)
FUNC	00010c20	lufread	undefined lufread(void * param_1, uint param_2, uint param_3, LUFILE * param_4)
DATA	00010cc0	DAT_00010cc0	undefined4	4
DATA	00010cc4	DAT_00010cc4	undefined4	4
FUNC	00010cc8	unzlocal_getByte	undefined unzlocal_getByte(LUFILE * param_1, int * param_2)
FUNC	00010d24	unzlocal_getShort	undefined unzlocal_getShort(LUFILE * param_1, ulong * param_2)
FUNC	00010d84	unzlocal_getLong	undefined unzlocal_getLong(LUFILE * param_1, ulong * param_2)
FUNC	00010e20	strcmpcasenosensitive_internal	undefined strcmpcasenosensitive_internal(char * param_1, char * param_2)
FUNC	00010ea0	unzStringFileNameCompare	undefined unzStringFileNameCompare(char * param_1, char * param_2, int param_3)
FUNC	00010eb0	unzlocal_SearchCentralDir	undefined unzlocal_SearchCentralDir(LUFILE * param_1)
DATA	0001106c	DAT_0001106c	undefined4	4
DATA	00011070	DAT_00011070	undefined4	4
FUNC	00011074	unzGetGlobalInfo	undefined unzGetGlobalInfo(unz_s * param_1, unz_global_info_s * param_2)
FUNC	00011094	unzlocal_DosDateToTmuDate	undefined unzlocal_DosDateToTmuDate(ulong param_1, tm_unz_s * param_2)
FUNC	000110d4	unzlocal_GetCurrentFileInfoInternal	undefined unzlocal_GetCurrentFileInfoInternal(unz_s * param_1, unz_file_info_s * param_2, unz_file_info_internal_s * param_3, char * param_4, ulong param_5, void * param_6, ulong param_7, char * param_8, ulong param_9)
DATA	000115e4	DAT_000115e4	undefined4	4
DATA	000115e8	DAT_000115e8	undefined4	4
FUNC	000115ec	unzGetCurrentFileInfo	undefined unzGetCurrentFileInfo(unz_s * param_1, unz_file_info_s * param_2, char * param_3, ulong param_4, void * param_5, ulong param_6, char * param_7, ulong param_8)
FUNC	0001162c	unzGoToFirstFile	undefined unzGoToFirstFile(unz_s * param_1)
FUNC	0001168c	unzOpenInternal	undefined unzOpenInternal(LUFILE * param_1)
DATA	00011860	DAT_00011860	undefined4	4
DATA	00011864	DAT_00011864	undefined4	4
FUNC	00011868	unzGoToNextFile	undefined unzGoToNextFile(unz_s * param_1)
FUNC	0001190c	unzLocateFile	undefined unzLocateFile(unz_s * param_1, char * param_2, int param_3)
FUNC	000119fc	unzlocal_CheckCurrentFileCoherencyHeader	undefined unzlocal_CheckCurrentFileCoherencyHeader(unz_s * param_1, uint * param_2, ulong * param_3, uint * param_4)
DATA	00011cd0	DAT_00011cd0	undefined4	4
DATA	00011cd4	DAT_00011cd4	undefined4	4
FUNC	00011cd8	unzReadCurrentFile	undefined unzReadCurrentFile(unz_s * param_1, void * param_2, uint param_3)
FUNC	00011ef4	unztell	undefined unztell(unz_s * param_1)
FUNC	00011f18	unzeof	undefined unzeof(unz_s * param_1)
FUNC	00011f44	unzGetLocalExtrafield	undefined unzGetLocalExtrafield(unz_s * param_1, void * param_2, uint param_3)
FUNC	00011fe8	unzCloseCurrentFile	undefined unzCloseCurrentFile(unz_s * param_1)
FUNC	00012078	unzClose	undefined unzClose(unz_s * param_1)
FUNC	000120b4	unzOpenCurrentFile	undefined unzOpenCurrentFile(unz_s * param_1)
FUNC	000121f0	unzGetGlobalComment	undefined unzGetGlobalComment(unz_s * param_1, char * param_2, ulong param_3)
FUNC	00012284	timet2filetime	undefined timet2filetime(long param_1)
FUNC	00012290	Get	undefined Get(TUnzip * this, int param_1, ZIPENTRY * param_2)
DATA	00012604	DAT_00012604	undefined4	4
FUNC	00012608	Open	undefined Open(TUnzip * this, void * param_1, uint param_2, uint param_3)
DATA	00012658	DAT_00012658	undefined4	4
FUNC	0001265c	Get	undefined Get(TUnzip * this, int param_1, ZIPENTRY * param_2)
FUNC	000126f4	Unzip	undefined Unzip(int param_1, void * param_2, uint param_3, uint param_4)
DATA	000128d8	DAT_000128d8	undefined4	4
FUNC	000128dc	Find	undefined Find(TUnzip * this, char * param_1, uchar param_2, int * param_3, ZIPENTRY * param_4)
FUNC	00012990	Unzip	undefined Unzip(TUnzip * this, int param_1, void * param_2, uint param_3, uint param_4)
FUNC	000129ac	Close	undefined Close(TUnzip * this)
FUNC	000129f0	FormatZipMessageU	undefined FormatZipMessageU(uint param_1, char * param_2, uint param_3)
DATA	00012c70	DAT_00012c70	undefined4	4
DATA	00012c74	DAT_00012c74	undefined4	4
DATA	00012c78	DAT_00012c78	undefined4	4
DATA	00012c7c	DAT_00012c7c	undefined4	4
DATA	00012c80	DAT_00012c80	undefined4	4
DATA	00012c84	DAT_00012c84	undefined4	4
DATA	00012c88	DAT_00012c88	undefined4	4
DATA	00012c8c	DAT_00012c8c	undefined4	4
DATA	00012c90	DAT_00012c90	undefined4	4
DATA	00012c94	DAT_00012c94	undefined4	4
DATA	00012c98	DAT_00012c98	undefined4	4
DATA	00012c9c	DAT_00012c9c	undefined4	4
DATA	00012ca0	DAT_00012ca0	undefined4	4
DATA	00012ca4	DAT_00012ca4	undefined4	4
DATA	00012ca8	DAT_00012ca8	undefined4	4
DATA	00012cac	DAT_00012cac	undefined4	4
DATA	00012cb0	DAT_00012cb0	undefined4	4
DATA	00012cb4	DAT_00012cb4	undefined4	4
DATA	00012cb8	DAT_00012cb8	undefined4	4
DATA	00012cbc	DAT_00012cbc	undefined4	4
DATA	00012cc0	DAT_00012cc0	undefined4	4
DATA	00012cc4	DAT_00012cc4	undefined4	4
DATA	00012cc8	DAT_00012cc8	undefined4	4
DATA	00012ccc	DAT_00012ccc	undefined4	4
FUNC	00012cd0	OpenZipU	undefined OpenZipU()
DATA	00012d50	DAT_00012d50	undefined4	4
DATA	00012d54	DAT_00012d54	undefined4	4
FUNC	00012d58	GetZipItemA	undefined GetZipItemA()
DATA	00012dc0	DAT_00012dc0	undefined4	4
DATA	00012dc4	DAT_00012dc4	undefined4	4
FUNC	00012dc8	GetZipItemW	undefined GetZipItemW(HZIP__ * param_1, int param_2, ZIPENTRYW * param_3)
DATA	00012eb4	DAT_00012eb4	undefined4	4
DATA	00012eb8	DAT_00012eb8	undefined4	4
FUNC	00012ebc	FindZipItemA	undefined FindZipItemA()
DATA	00012f38	DAT_00012f38	undefined4	4
DATA	00012f3c	DAT_00012f3c	undefined4	4
FUNC	00012f40	FindZipItemW	undefined FindZipItemW(HZIP__ * param_1, char * param_2, uchar param_3, int * param_4, ZIPENTRYW * param_5)
DATA	00013038	DAT_00013038	undefined4	4
DATA	0001303c	DAT_0001303c	undefined4	4
FUNC	00013040	UnzipItem	undefined UnzipItem()
DATA	000130bc	DAT_000130bc	undefined4	4
DATA	000130c0	DAT_000130c0	undefined4	4
FUNC	000130c4	CloseZipU	undefined CloseZipU()
DATA	00013148	DAT_00013148	undefined4	4
DATA	0001314c	DAT_0001314c	undefined4	4
FUNC	00013150	IsZipHandleU	undefined IsZipHandleU(HZIP__ * param_1)
FUNC	00013170	stbtt__cff_get_index	undefined stbtt__cff_get_index()
FUNC	000132c0	stbtt__cff_int	undefined stbtt__cff_int()
FUNC	000133f8	stbtt__dict_get_ints	undefined stbtt__dict_get_ints()
FUNC	00013594	stbtt__isfont	undefined stbtt__isfont()
FUNC	0001367c	stbtt__find_table	undefined stbtt__find_table()
FUNC	00013738	stbtt__get_subrs	undefined stbtt__get_subrs()
FUNC	00013854	stbtt__GetGlyfOffset	undefined stbtt__GetGlyfOffset()
FUNC	00013934	stbtt__track_vertex	undefined stbtt__track_vertex()
FUNC	000139e8	stbtt__csctx_v	undefined stbtt__csctx_v()
FUNC	00013a84	stbtt__csctx_close_shape	undefined stbtt__csctx_close_shape()
FUNC	00013ae8	stbtt__csctx_rmove_to	undefined stbtt__csctx_rmove_to()
FUNC	00013b50	stbtt__csctx_rline_to	undefined stbtt__csctx_rline_to()
FUNC	00013ba4	stbtt__csctx_rccurve_to	undefined stbtt__csctx_rccurve_to()
FUNC	00013c14	stbtt__sort_edges_quicksort	undefined stbtt__sort_edges_quicksort()
FUNC	00013e4c	stbtt__tesselate_curve	undefined stbtt__tesselate_curve()
FUNC	00013f64	stbtt__CompareUTF8toUTF16_bigendian_prefix	undefined stbtt__CompareUTF8toUTF16_bigendian_prefix()
FUNC	00014118	stbtt__matchpair	undefined stbtt__matchpair()
FUNC	00014340	DrawSelectBar	undefined DrawSelectBar()
DATA	000143e4	DAT_000143e4	undefined4	4
FUNC	000143e8	mui_blockcopy	undefined mui_blockcopy()
FUNC	00014470	UnDrawSelectBar	undefined UnDrawSelectBar()
DATA	00014504	DAT_00014504	undefined4	4
FUNC	00014508	mui_DispBlock	undefined mui_DispBlock()
FUNC	00014584	mui_UnDispBlock	undefined mui_UnDispBlock()
FUNC	00014604	mui_Undisplay	undefined mui_Undisplay()
DATA	00014678	DAT_00014678	undefined4	4
FUNC	0001467c	stbtt__tesselate_cubic	undefined stbtt__tesselate_cubic()
FUNC	00014868	stbtt__h_prefilter	undefined stbtt__h_prefilter()
FUNC	00014b8c	stbtt__v_prefilter	undefined stbtt__v_prefilter()
FUNC	00014eac	mui_extract_basepath	undefined mui_extract_basepath()
FUNC	00014f04	mui_extract_basename	undefined mui_extract_basename()
FUNC	00014f84	mui_DisplayThumbnail	undefined mui_DisplayThumbnail()
DATA	000151bc	DAT_000151bc	undefined4	4
DATA	000151c0	DAT_000151c0	undefined4	4
DATA	000151c4	DAT_000151c4	undefined4	4
DATA	000151c8	DAT_000151c8	undefined4	4
DATA	000151cc	DAT_000151cc	undefined4	4
DATA	000151d0	DAT_000151d0	undefined4	4
DATA	000151d4	DAT_000151d4	undefined4	4
DATA	000151d8	DAT_000151d8	undefined4	4
DATA	000151dc	DAT_000151dc	undefined4	4
DATA	000151e0	DAT_000151e0	undefined4	4
FUNC	000151e4	buttontoi	undefined buttontoi()
DATA	0001540c	DAT_0001540c	undefined4	4
DATA	00015410	DAT_00015410	undefined4	4
DATA	00015414	DAT_00015414	undefined4	4
DATA	00015418	DAT_00015418	undefined4	4
DATA	0001541c	DAT_0001541c	undefined4	4
DATA	00015420	DAT_00015420	undefined4	4
FUNC	00015424	stbtt__cff_index_get.isra.2	undefined stbtt__cff_index_get.isra.2()
FUNC	00015564	stbtt__close_shape	undefined stbtt__close_shape()
FUNC	00015670	stbtt__run_charstring	undefined stbtt__run_charstring()
DATA	00015ab4	DAT_00015ab4	undefined4	4
DATA	00015ab8	DAT_00015ab8	undefined4	4
DATA	00016248	DAT_00016248	undefined4	4
FUNC	0001624c	stbtt__GetGlyphClass	undefined stbtt__GetGlyphClass()
FUNC	00016368	stbtt__handle_clipped_edge.part.9	undefined stbtt__handle_clipped_edge.part.9()
FUNC	00016470	stbtt__cuberoot	undefined stbtt__cuberoot()
DATA	000164b0	DAT_000164b0	undefined8	8
FUNC	000164b8	code_convert.constprop.22	undefined code_convert.constprop.22()
DATA	00016548	DAT_00016548	undefined4	4
DATA	0001654c	DAT_0001654c	undefined4	4
FUNC	00016550	stbtt__rasterize_sorted_edges.isra.16	undefined stbtt__rasterize_sorted_edges.isra.16()
DATA	00016798	DAT_00016798	undefined4	4
DATA	0001679c	DAT_0001679c	undefined4	4
FUNC	00016ebc	strupr	undefined strupr()
FUNC	00016f08	FilePreEmu	undefined FilePreEmu()
DATA	000171ac	DAT_000171ac	undefined4	4
DATA	000171b0	DAT_000171b0	undefined4	4
DATA	000171b4	DAT_000171b4	undefined4	4
DATA	000171b8	DAT_000171b8	undefined4	4
DATA	000171bc	DAT_000171bc	undefined4	4
DATA	000171c0	DAT_000171c0	undefined4	4
DATA	000171c4	DAT_000171c4	undefined4	4
DATA	000171c8	DAT_000171c8	undefined4	4
DATA	000171cc	DAT_000171cc	undefined4	4
DATA	000171d0	DAT_000171d0	undefined4	4
DATA	000171d4	DAT_000171d4	undefined4	4
DATA	000171d8	DAT_000171d8	undefined4	4
FUNC	000171dc	GetWorkPath	undefined GetWorkPath()
DATA	000171f0	DAT_000171f0	undefined4	4
DATA	000171f4	DAT_000171f4	undefined4	4
FUNC	000171f8	mui_LoadSetting	undefined mui_LoadSetting()
DATA	00017c74	DAT_00017c74	undefined4	4
DATA	00017c78	DAT_00017c78	undefined4	4
DATA	00017c7c	DAT_00017c7c	undefined4	4
DATA	00017c80	DAT_00017c80	undefined4	4
DATA	00017c84	DAT_00017c84	undefined4	4
DATA	00017c88	DAT_00017c88	undefined4	4
DATA	00017c8c	DAT_00017c8c	undefined4	4
DATA	00017c90	DAT_00017c90	undefined4	4
DATA	00017c94	DAT_00017c94	undefined4	4
DATA	00017c98	DAT_00017c98	undefined4	4
DATA	00017c9c	DAT_00017c9c	undefined4	4
DATA	00017ca0	DAT_00017ca0	undefined4	4
DATA	00017ca4	DAT_00017ca4	undefined4	4
DATA	00017ca8	DAT_00017ca8	undefined4	4
DATA	00017cac	DAT_00017cac	undefined4	4
DATA	00017cb0	DAT_00017cb0	undefined4	4
DATA	00017cb4	DAT_00017cb4	undefined4	4
DATA	00017cb8	DAT_00017cb8	undefined4	4
DATA	00017cbc	DAT_00017cbc	undefined4	4
DATA	00017cc0	DAT_00017cc0	undefined4	4
DATA	00017cc4	DAT_00017cc4	undefined4	4
DATA	00017cc8	DAT_00017cc8	undefined4	4
DATA	00017ccc	DAT_00017ccc	undefined4	4
DATA	00017cd0	DAT_00017cd0	undefined4	4
DATA	00017cd4	DAT_00017cd4	undefined4	4
DATA	00017cd8	DAT_00017cd8	undefined4	4
DATA	00017cdc	DAT_00017cdc	undefined4	4
DATA	00017ce0	DAT_00017ce0	undefined4	4
DATA	00017ce4	DAT_00017ce4	undefined4	4
DATA	00017ce8	DAT_00017ce8	undefined4	4
DATA	00017cec	DAT_00017cec	undefined4	4
DATA	00017cf0	DAT_00017cf0	undefined4	4
DATA	00017cf4	DAT_00017cf4	undefined4	4
DATA	00017cf8	DAT_00017cf8	undefined4	4
DATA	00017cfc	DAT_00017cfc	undefined4	4
DATA	00017d00	DAT_00017d00	undefined4	4
DATA	00017d04	DAT_00017d04	undefined4	4
DATA	00017d08	DAT_00017d08	undefined4	4
DATA	00017d0c	DAT_00017d0c	undefined4	4
DATA	00017d10	DAT_00017d10	undefined4	4
DATA	00017d14	DAT_00017d14	undefined4	4
DATA	00017d18	DAT_00017d18	undefined4	4
DATA	00017d1c	DAT_00017d1c	undefined4	4
DATA	00017d20	DAT_00017d20	undefined4	4
DATA	00017d24	DAT_00017d24	undefined4	4
DATA	00017d28	DAT_00017d28	undefined4	4
DATA	00017d2c	DAT_00017d2c	undefined4	4
DATA	00017d30	DAT_00017d30	undefined4	4
DATA	00017d34	DAT_00017d34	undefined4	4
DATA	00017d38	DAT_00017d38	undefined4	4
DATA	00017d3c	DAT_00017d3c	undefined4	4
DATA	00017d40	DAT_00017d40	undefined4	4
DATA	00017d44	DAT_00017d44	undefined4	4
DATA	00017d48	DAT_00017d48	undefined4	4
DATA	00017d4c	DAT_00017d4c	undefined4	4
DATA	00017d50	DAT_00017d50	undefined4	4
DATA	00017d54	DAT_00017d54	undefined4	4
DATA	00017d58	DAT_00017d58	undefined4	4
DATA	00017d5c	DAT_00017d5c	undefined4	4
DATA	00017d60	DAT_00017d60	undefined4	4
DATA	00017d64	DAT_00017d64	undefined4	4
DATA	00017d68	DAT_00017d68	undefined4	4
DATA	00017d6c	DAT_00017d6c	undefined4	4
DATA	00017d70	DAT_00017d70	undefined4	4
DATA	00017d74	DAT_00017d74	undefined4	4
DATA	00017d78	DAT_00017d78	undefined4	4
DATA	00017d7c	DAT_00017d7c	undefined4	4
DATA	00017d80	DAT_00017d80	undefined4	4
DATA	00017d84	DAT_00017d84	undefined4	4
DATA	00017d88	DAT_00017d88	undefined4	4
DATA	00017d8c	DAT_00017d8c	undefined4	4
DATA	00017d90	DAT_00017d90	undefined4	4
DATA	00017d94	DAT_00017d94	undefined4	4
DATA	00017d98	DAT_00017d98	undefined4	4
DATA	00017d9c	DAT_00017d9c	undefined4	4
DATA	00017da0	DAT_00017da0	undefined4	4
DATA	00017da4	DAT_00017da4	undefined4	4
DATA	00017da8	DAT_00017da8	undefined4	4
FUNC	00017dac	mui_LoadUIResource	undefined mui_LoadUIResource()
DATA	00017ed4	DAT_00017ed4	undefined4	4
DATA	00017ed8	DAT_00017ed8	undefined4	4
DATA	00017edc	DAT_00017edc	undefined4	4
DATA	00017ee0	DAT_00017ee0	undefined4	4
DATA	00017ee4	DAT_00017ee4	undefined4	4
DATA	00017ee8	DAT_00017ee8	undefined4	4
DATA	00017eec	DAT_00017eec	undefined4	4
FUNC	00017ef0	shoucang	undefined shoucang()
DATA	00018430	DAT_00018430	undefined4	4
DATA	00018434	DAT_00018434	undefined4	4
DATA	00018438	DAT_00018438	undefined4	4
DATA	0001843c	DAT_0001843c	undefined4	4
DATA	00018440	DAT_00018440	undefined4	4
DATA	00018444	DAT_00018444	undefined4	4
DATA	00018448	DAT_00018448	undefined4	4
DATA	0001844c	DAT_0001844c	undefined4	4
DATA	00018450	DAT_00018450	undefined4	4
DATA	00018454	DAT_00018454	undefined4	4
DATA	00018458	DAT_00018458	undefined4	4
FUNC	0001845c	IsShoucang	undefined IsShoucang()
DATA	00018698	DAT_00018698	undefined4	4
DATA	0001869c	DAT_0001869c	undefined4	4
DATA	000186a0	DAT_000186a0	undefined4	4
FUNC	000186a4	mui_do_file_list	undefined mui_do_file_list()
DATA	00018bb4	DAT_00018bb4	undefined4	4
DATA	00018bb8	DAT_00018bb8	undefined4	4
DATA	00018bbc	DAT_00018bbc	undefined4	4
DATA	00018bc0	DAT_00018bc0	undefined4	4
DATA	00018bc4	DAT_00018bc4	undefined4	4
DATA	00018bc8	DAT_00018bc8	undefined4	4
DATA	00018bcc	DAT_00018bcc	undefined4	4
DATA	00018bd0	DAT_00018bd0	undefined4	4
DATA	00018bd4	DAT_00018bd4	undefined4	4
DATA	00018bd8	DAT_00018bd8	undefined4	4
DATA	00018bdc	DAT_00018bdc	undefined4	4
DATA	00018be0	DAT_00018be0	undefined4	4
DATA	00018be4	DAT_00018be4	undefined4	4
DATA	00018be8	DAT_00018be8	undefined4	4
DATA	00018bec	DAT_00018bec	undefined4	4
DATA	00018bf0	DAT_00018bf0	undefined4	4
DATA	00018bf4	DAT_00018bf4	undefined4	4
DATA	00018bf8	DAT_00018bf8	undefined4	4
DATA	00018bfc	DAT_00018bfc	undefined4	4
DATA	00018c00	DAT_00018c00	undefined4	4
DATA	00018c04	DAT_00018c04	undefined4	4
FUNC	00018c08	mui_type_file_list	undefined mui_type_file_list()
DATA	00018fe8	DAT_00018fe8	undefined4	4
DATA	00018fec	DAT_00018fec	undefined4	4
DATA	00018ff0	DAT_00018ff0	undefined4	4
DATA	00018ff4	DAT_00018ff4	undefined4	4
DATA	00018ff8	DAT_00018ff8	undefined4	4
DATA	00018ffc	DAT_00018ffc	undefined4	4
DATA	00019000	DAT_00019000	undefined4	4
DATA	00019004	DAT_00019004	undefined4	4
DATA	00019008	DAT_00019008	undefined4	4
DATA	0001900c	DAT_0001900c	undefined4	4
DATA	00019010	DAT_00019010	undefined4	4
DATA	00019014	DAT_00019014	undefined4	4
DATA	00019018	DAT_00019018	undefined4	4
DATA	0001901c	DAT_0001901c	undefined4	4
DATA	00019020	DAT_00019020	undefined4	4
DATA	00019024	DAT_00019024	undefined4	4
DATA	00019028	DAT_00019028	undefined4	4
DATA	0001902c	DAT_0001902c	undefined4	4
FUNC	00019030	mui_search_file_list	undefined mui_search_file_list()
DATA	00019680	DAT_00019680	undefined4	4
DATA	00019684	DAT_00019684	undefined4	4
DATA	00019688	DAT_00019688	undefined4	4
DATA	0001968c	DAT_0001968c	undefined4	4
DATA	00019690	DAT_00019690	undefined4	4
DATA	00019694	DAT_00019694	undefined4	4
DATA	00019698	DAT_00019698	undefined4	4
DATA	0001969c	DAT_0001969c	undefined4	4
DATA	000196a0	DAT_000196a0	undefined4	4
DATA	000196a4	DAT_000196a4	undefined4	4
DATA	000196a8	DAT_000196a8	undefined4	4
DATA	000196ac	DAT_000196ac	undefined4	4
DATA	000196b0	DAT_000196b0	undefined4	4
DATA	000196b4	DAT_000196b4	undefined4	4
DATA	000196b8	DAT_000196b8	undefined4	4
DATA	000196bc	DAT_000196bc	undefined4	4
DATA	000196c0	DAT_000196c0	undefined4	4
DATA	000196c4	DAT_000196c4	undefined4	4
DATA	000196c8	DAT_000196c8	undefined4	4
DATA	000196cc	DAT_000196cc	undefined4	4
DATA	000196d0	DAT_000196d0	undefined4	4
DATA	000196d4	DAT_000196d4	undefined4	4
DATA	000196d8	DAT_000196d8	undefined4	4
DATA	000196dc	DAT_000196dc	undefined4	4
DATA	000196e0	DAT_000196e0	undefined4	4
DATA	000196e4	DAT_000196e4	undefined4	4
DATA	000196e8	DAT_000196e8	undefined4	4
FUNC	000196ec	GetTicks	undefined GetTicks()
FUNC	0001972c	mui_DisplayThumbnailThread	undefined mui_DisplayThumbnailThread()
DATA	00019850	DAT_00019850	undefined4	4
DATA	00019854	DAT_00019854	undefined4	4
DATA	00019858	DAT_00019858	undefined4	4
DATA	0001985c	DAT_0001985c	undefined4	4
DATA	00019860	DAT_00019860	undefined4	4
DATA	00019864	DAT_00019864	undefined4	4
DATA	00019868	DAT_00019868	undefined4	4
DATA	0001986c	DAT_0001986c	undefined4	4
DATA	00019870	DAT_00019870	undefined4	4
FUNC	00019874	mui_WaitNMI	undefined mui_WaitNMI()
DATA	00019904	DAT_00019904	undefined4	4
DATA	00019908	DAT_00019908	undefined4	4
DATA	0001990c	DAT_0001990c	undefined4	4
FUNC	00019910	stbtt_FindGlyphIndex	undefined stbtt_FindGlyphIndex()
FUNC	00019c60	stbtt_GetGlyphBox	undefined stbtt_GetGlyphBox()
FUNC	00019dd4	stbtt_GetCodepointBox	undefined stbtt_GetCodepointBox()
FUNC	00019e10	stbtt_IsGlyphEmpty	undefined stbtt_IsGlyphEmpty()
FUNC	00019eac	stbtt_GetGlyphShape	undefined stbtt_GetGlyphShape()
DATA	0001a7a4	DAT_0001a7a4	undefined4	4
DATA	0001a7a8	DAT_0001a7a8	undefined4	4
FUNC	0001a7ac	stbtt_GetCodepointShape	undefined stbtt_GetCodepointShape()
FUNC	0001a7d0	stbtt_GetGlyphHMetrics	undefined stbtt_GetGlyphHMetrics()
FUNC	0001a8a0	stbtt_GetGlyphKernAdvance	undefined stbtt_GetGlyphKernAdvance()
FUNC	0001adbc	stbtt_GetCodepointKernAdvance	undefined stbtt_GetCodepointKernAdvance()
FUNC	0001ae10	stbtt_GetCodepointHMetrics	undefined stbtt_GetCodepointHMetrics()
FUNC	0001ae3c	stbtt_GetFontVMetrics	undefined stbtt_GetFontVMetrics()
FUNC	0001aec8	stbtt_GetFontVMetricsOS2	undefined stbtt_GetFontVMetricsOS2()
DATA	0001af6c	DAT_0001af6c	undefined4	4
FUNC	0001af70	stbtt_GetFontBoundingBox	undefined stbtt_GetFontBoundingBox()
FUNC	0001b000	stbtt_ScaleForPixelHeight	undefined stbtt_ScaleForPixelHeight()
FUNC	0001b050	stbtt_ScaleForMappingEmToPixels	undefined stbtt_ScaleForMappingEmToPixels()
FUNC	0001b080	stbtt_FreeShape	undefined stbtt_FreeShape()
FUNC	0001b088	stbtt_GetGlyphBitmapBoxSubpixel	undefined stbtt_GetGlyphBitmapBoxSubpixel()
FUNC	0001b1cc	stbtt_GetGlyphBitmapBox	undefined stbtt_GetGlyphBitmapBox()
DATA	0001b1d8	DAT_0001b1d8	undefined4	4
FUNC	0001b1dc	stbtt_GetCodepointBitmapBoxSubpixel	undefined stbtt_GetCodepointBitmapBoxSubpixel()
FUNC	0001b240	mui_outputxy_length.isra.19	undefined mui_outputxy_length.isra.19()
DATA	0001b3b4	DAT_0001b3b4	undefined4	4
DATA	0001b3b8	DAT_0001b3b8	undefined4	4
FUNC	0001b3bc	stbtt_GetCodepointBitmapBox	undefined stbtt_GetCodepointBitmapBox()
DATA	0001b3c8	DAT_0001b3c8	undefined4	4
FUNC	0001b3cc	stbtt_Rasterize	undefined stbtt_Rasterize()
DATA	0001b794	DAT_0001b794	undefined4	4
FUNC	0001b8a8	stbtt_FreeBitmap	undefined stbtt_FreeBitmap()
FUNC	0001b8ac	stbtt_GetGlyphBitmapSubpixel	undefined stbtt_GetGlyphBitmapSubpixel()
DATA	0001ba20	DAT_0001ba20	undefined4	4
FUNC	0001ba24	stbtt_GetGlyphBitmap	undefined stbtt_GetGlyphBitmap()
DATA	0001ba30	DAT_0001ba30	undefined4	4
FUNC	0001ba34	stbtt_MakeGlyphBitmapSubpixel	undefined stbtt_MakeGlyphBitmapSubpixel()
DATA	0001bb18	DAT_0001bb18	undefined4	4
FUNC	0001bb1c	stbtt_MakeGlyphBitmap	undefined stbtt_MakeGlyphBitmap()
DATA	0001bb28	DAT_0001bb28	undefined4	4
FUNC	0001bb2c	stbtt_GetCodepointBitmapSubpixel	undefined stbtt_GetCodepointBitmapSubpixel()
FUNC	0001bb90	stbtt_MakeCodepointBitmapSubpixel	undefined stbtt_MakeCodepointBitmapSubpixel()
FUNC	0001bbf8	mui_outputxy_t	undefined mui_outputxy_t()
DATA	0001bf70	DAT_0001bf70	undefined4	4
DATA	0001bf74	DAT_0001bf74	undefined4	4
DATA	0001bf78	DAT_0001bf78	undefined4	4
DATA	0001bf7c	DAT_0001bf7c	undefined4	4
FUNC	0001bf80	mui_DisplayGameSum	undefined mui_DisplayGameSum()
DATA	0001c068	DAT_0001c068	undefined4	4
DATA	0001c06c	DAT_0001c06c	undefined4	4
DATA	0001c070	DAT_0001c070	undefined4	4
DATA	0001c074	DAT_0001c074	undefined4	4
DATA	0001c078	DAT_0001c078	undefined4	4
FUNC	0001c07c	mui_DisplayLine_t	undefined mui_DisplayLine_t()
DATA	0001c310	DAT_0001c310	undefined4	4
DATA	0001c314	DAT_0001c314	undefined4	4
DATA	0001c318	DAT_0001c318	undefined4	4
DATA	0001c31c	DAT_0001c31c	undefined4	4
DATA	0001c320	DAT_0001c320	undefined4	4
DATA	0001c324	DAT_0001c324	undefined4	4
DATA	0001c328	DAT_0001c328	undefined4	4
DATA	0001c32c	DAT_0001c32c	undefined4	4
FUNC	0001c330	mui_DisplayInputBuffer	undefined mui_DisplayInputBuffer()
DATA	0001c40c	DAT_0001c40c	undefined4	4
DATA	0001c410	DAT_0001c410	undefined4	4
DATA	0001c414	DAT_0001c414	undefined4	4
DATA	0001c418	DAT_0001c418	undefined4	4
FUNC	0001c41c	stbtt_GetCodepointBitmap	undefined stbtt_GetCodepointBitmap()
DATA	0001c428	DAT_0001c428	undefined4	4
FUNC	0001c42c	stbtt_MakeCodepointBitmap	undefined stbtt_MakeCodepointBitmap()
DATA	0001c438	DAT_0001c438	undefined4	4
FUNC	0001c43c	stbtt_GetBakedQuad	undefined stbtt_GetBakedQuad()
DATA	0001c57c	DAT_0001c57c	undefined4	4
FUNC	0001c580	stbtt_PackBegin	undefined stbtt_PackBegin()
FUNC	0001c674	stbtt_PackEnd	undefined stbtt_PackEnd()
FUNC	0001c690	stbtt_PackSetOversampling	undefined stbtt_PackSetOversampling()
FUNC	0001c6a4	stbtt_PackSetSkipMissingCodepoints	undefined stbtt_PackSetSkipMissingCodepoints()
FUNC	0001c6ac	stbtt_PackFontRangesGatherRects	undefined stbtt_PackFontRangesGatherRects()
DATA	0001c860	DAT_0001c860	undefined4	4
FUNC	0001c864	stbtt_MakeGlyphBitmapSubpixelPrefilter	undefined stbtt_MakeGlyphBitmapSubpixelPrefilter()
DATA	0001c944	DAT_0001c944	undefined4	4
FUNC	0001c948	stbtt_MakeCodepointBitmapSubpixelPrefilter	undefined stbtt_MakeCodepointBitmapSubpixelPrefilter()
FUNC	0001c9e0	stbtt_PackFontRangesRenderIntoRects	undefined stbtt_PackFontRangesRenderIntoRects()
DATA	0001cdb4	DAT_0001cdb4	undefined4	4
FUNC	0001cdb8	stbtt_PackFontRangesPackRects	undefined stbtt_PackFontRangesPackRects()
FUNC	0001ce7c	stbtt_GetPackedQuad	undefined stbtt_GetPackedQuad()
FUNC	0001cfd8	stbtt_GetGlyphSDF	undefined stbtt_GetGlyphSDF()
DATA	0001d330	DAT_0001d330	undefined4	4
DATA	0001d334	DAT_0001d334	undefined4	4
DATA	0001d338	DAT_0001d338	undefined4	4
DATA	0001d33c	DAT_0001d33c	undefined4	4
DATA	0001ddac	DAT_0001ddac	undefined4	4
DATA	0001ddb0	DAT_0001ddb0	undefined4	4
DATA	0001e058	DAT_0001e058	undefined8	8
DATA	0001e060	DAT_0001e060	undefined4	4
FUNC	0001e064	stbtt_GetCodepointSDF	undefined stbtt_GetCodepointSDF()
FUNC	0001e0c8	stbtt_FreeSDF	undefined stbtt_FreeSDF()
FUNC	0001e0cc	stbtt_GetFontNameString	undefined stbtt_GetFontNameString()
DATA	0001e200	DAT_0001e200	undefined4	4
FUNC	0001e204	stbtt_GetFontOffsetForIndex	undefined stbtt_GetFontOffsetForIndex()
FUNC	0001e2e4	stbtt_GetNumberOfFonts	undefined stbtt_GetNumberOfFonts()
FUNC	0001e380	stbtt_InitFont	undefined stbtt_InitFont()
DATA	0001e828	DAT_0001e828	undefined4	4
DATA	0001e82c	DAT_0001e82c	undefined4	4
DATA	0001e830	DAT_0001e830	undefined4	4
DATA	0001e834	DAT_0001e834	undefined4	4
DATA	0001e838	DAT_0001e838	undefined4	4
DATA	0001e83c	DAT_0001e83c	undefined4	4
DATA	0001e840	DAT_0001e840	undefined4	4
DATA	0001e844	DAT_0001e844	undefined4	4
DATA	0001e848	DAT_0001e848	undefined4	4
DATA	0001e84c	DAT_0001e84c	undefined4	4
FUNC	0001e850	stbtt_PackFontRanges	undefined stbtt_PackFontRanges()
FUNC	0001e978	stbtt_PackFontRange	undefined stbtt_PackFontRange()
FUNC	0001e9bc	stbtt_GetScaledFontVMetrics	undefined stbtt_GetScaledFontVMetrics()
FUNC	0001ea74	stbtt_BakeFontBitmap	undefined stbtt_BakeFontBitmap()
FUNC	0001ecac	mui_InitFont	undefined mui_InitFont()
DATA	0001ef10	DAT_0001ef10	undefined4	4
DATA	0001ef14	DAT_0001ef14	undefined4	4
DATA	0001ef18	DAT_0001ef18	undefined4	4
DATA	0001ef1c	DAT_0001ef1c	undefined4	4
DATA	0001ef20	DAT_0001ef20	undefined4	4
DATA	0001ef24	DAT_0001ef24	undefined4	4
DATA	0001ef28	DAT_0001ef28	undefined4	4
DATA	0001ef2c	DAT_0001ef2c	undefined4	4
DATA	0001ef30	DAT_0001ef30	undefined4	4
DATA	0001ef34	DAT_0001ef34	undefined4	4
DATA	0001ef38	DAT_0001ef38	undefined4	4
DATA	0001ef3c	DAT_0001ef3c	undefined4	4
DATA	0001ef40	DAT_0001ef40	undefined4	4
DATA	0001ef44	DAT_0001ef44	undefined4	4
DATA	0001ef48	DAT_0001ef48	undefined4	4
DATA	0001ef4c	DAT_0001ef4c	undefined4	4
DATA	0001ef50	DAT_0001ef50	undefined4	4
DATA	0001ef54	DAT_0001ef54	undefined4	4
FUNC	0001ef58	stbtt_FindMatchingFont	undefined stbtt_FindMatchingFont()
DATA	0001f128	DAT_0001f128	undefined4	4
DATA	0001f12c	DAT_0001f12c	undefined4	4
DATA	0001f130	DAT_0001f130	undefined4	4
FUNC	0001f134	stbtt_CompareUTF8toUTF16_bigendian	undefined stbtt_CompareUTF8toUTF16_bigendian()
FUNC	0001f150	strtrimr	undefined strtrimr()
FUNC	0001f1a4	strtriml	undefined strtriml()
FUNC	0001f20c	strtrim	undefined strtrim()
FUNC	0001f21c	get_item_from_line	undefined get_item_from_line()
DATA	0001f2f0	DAT_0001f2f0	undefined4	4
DATA	0001f2f4	DAT_0001f2f4	undefined4	4
DATA	0001f2f8	DAT_0001f2f8	undefined4	4
FUNC	0001f2fc	get_items_from_file	undefined get_items_from_file()
DATA	0001f390	DAT_0001f390	undefined4	4
DATA	0001f394	DAT_0001f394	undefined4	4
DATA	0001f398	DAT_0001f398	undefined4	4
FUNC	0001f39c	get_items_from_zipfile	undefined get_items_from_zipfile()
DATA	0001f504	DAT_0001f504	undefined4	4
DATA	0001f508	DAT_0001f508	undefined4	4
DATA	0001f50c	DAT_0001f50c	undefined4	4
DATA	0001f510	DAT_0001f510	undefined4	4
FUNC	0001f514	get_value_from_items	undefined get_value_from_items()
FUNC	0001f580	mui_LoadConfig	undefined mui_LoadConfig()
DATA	00020518	DAT_00020518	undefined4	4
DATA	0002051c	DAT_0002051c	undefined4	4
DATA	00020520	DAT_00020520	undefined4	4
DATA	00020524	DAT_00020524	undefined4	4
DATA	00020528	DAT_00020528	undefined4	4
DATA	0002052c	DAT_0002052c	undefined4	4
DATA	00020530	DAT_00020530	undefined4	4
DATA	00020534	DAT_00020534	undefined4	4
DATA	00020538	DAT_00020538	undefined4	4
DATA	0002053c	DAT_0002053c	undefined4	4
DATA	00020540	DAT_00020540	undefined4	4
DATA	00020544	DAT_00020544	undefined4	4
DATA	00020548	DAT_00020548	undefined4	4
DATA	0002054c	DAT_0002054c	undefined4	4
DATA	00020550	DAT_00020550	undefined4	4
DATA	00020554	DAT_00020554	undefined4	4
DATA	00020558	DAT_00020558	undefined4	4
DATA	0002055c	DAT_0002055c	undefined4	4
DATA	00020560	DAT_00020560	undefined4	4
DATA	00020564	DAT_00020564	undefined4	4
DATA	00020568	DAT_00020568	undefined4	4
DATA	0002056c	DAT_0002056c	undefined4	4
DATA	00020570	DAT_00020570	undefined4	4
DATA	00020574	DAT_00020574	undefined4	4
DATA	00020578	DAT_00020578	undefined4	4
DATA	0002057c	DAT_0002057c	undefined4	4
DATA	00020580	DAT_00020580	undefined4	4
DATA	00020584	DAT_00020584	undefined4	4
DATA	00020588	DAT_00020588	undefined4	4
DATA	0002058c	DAT_0002058c	undefined4	4
DATA	00020590	DAT_00020590	undefined4	4
DATA	00020594	DAT_00020594	undefined4	4
DATA	00020598	DAT_00020598	undefined4	4
DATA	0002059c	DAT_0002059c	undefined4	4
DATA	000205a0	DAT_000205a0	undefined4	4
DATA	000205a4	DAT_000205a4	undefined4	4
DATA	000205a8	DAT_000205a8	undefined4	4
DATA	000205ac	DAT_000205ac	undefined4	4
DATA	000205b0	DAT_000205b0	undefined4	4
DATA	000205b4	DAT_000205b4	undefined4	4
DATA	000205b8	DAT_000205b8	undefined4	4
DATA	000205bc	DAT_000205bc	undefined4	4
DATA	000205c0	DAT_000205c0	undefined4	4
DATA	000205c4	DAT_000205c4	undefined4	4
DATA	000205c8	DAT_000205c8	undefined4	4
DATA	000205cc	DAT_000205cc	undefined4	4
DATA	000205d0	DAT_000205d0	undefined4	4
DATA	000205d4	DAT_000205d4	undefined4	4
DATA	000205d8	DAT_000205d8	undefined4	4
DATA	000205dc	DAT_000205dc	undefined4	4
DATA	000205e0	DAT_000205e0	undefined4	4
DATA	000205e4	DAT_000205e4	undefined4	4
DATA	000205e8	DAT_000205e8	undefined4	4
DATA	000205ec	DAT_000205ec	undefined4	4
DATA	000205f0	DAT_000205f0	undefined4	4
DATA	000205f4	DAT_000205f4	undefined4	4
DATA	000205f8	DAT_000205f8	undefined4	4
DATA	000205fc	DAT_000205fc	undefined4	4
DATA	00020600	DAT_00020600	undefined4	4
DATA	00020604	DAT_00020604	undefined4	4
DATA	00020608	DAT_00020608	undefined4	4
DATA	0002060c	DAT_0002060c	undefined4	4
DATA	00020610	DAT_00020610	undefined4	4
DATA	00020614	DAT_00020614	undefined4	4
DATA	00020618	DAT_00020618	undefined4	4
DATA	0002061c	DAT_0002061c	undefined4	4
DATA	00020620	DAT_00020620	undefined4	4
DATA	00020624	DAT_00020624	undefined4	4
DATA	00020628	DAT_00020628	undefined4	4
DATA	0002062c	DAT_0002062c	undefined4	4
DATA	00020630	DAT_00020630	undefined4	4
DATA	00020634	DAT_00020634	undefined4	4
DATA	00020638	DAT_00020638	undefined4	4
DATA	0002063c	DAT_0002063c	undefined4	4
DATA	00020640	DAT_00020640	undefined4	4
DATA	00020644	DAT_00020644	undefined4	4
DATA	00020648	DAT_00020648	undefined4	4
DATA	0002064c	DAT_0002064c	undefined4	4
DATA	00020650	DAT_00020650	undefined4	4
DATA	00020654	DAT_00020654	undefined4	4
DATA	00020658	DAT_00020658	undefined4	4
DATA	0002065c	DAT_0002065c	undefined4	4
DATA	00020660	DAT_00020660	undefined4	4
DATA	00020664	DAT_00020664	undefined4	4
DATA	00020668	DAT_00020668	undefined4	4
DATA	0002066c	DAT_0002066c	undefined4	4
DATA	00020670	DAT_00020670	undefined4	4
DATA	00020674	DAT_00020674	undefined4	4
DATA	00020678	DAT_00020678	undefined4	4
DATA	0002067c	DAT_0002067c	undefined4	4
DATA	00020680	DAT_00020680	undefined4	4
DATA	00020684	DAT_00020684	undefined4	4
DATA	00020688	DAT_00020688	undefined4	4
DATA	0002068c	DAT_0002068c	undefined4	4
DATA	00020690	DAT_00020690	undefined4	4
DATA	00020694	DAT_00020694	undefined4	4
DATA	00020698	DAT_00020698	undefined4	4
DATA	0002069c	DAT_0002069c	undefined4	4
DATA	000206a0	DAT_000206a0	undefined4	4
DATA	000206a4	DAT_000206a4	undefined4	4
DATA	000206a8	DAT_000206a8	undefined4	4
DATA	000206ac	DAT_000206ac	undefined4	4
DATA	000206b0	DAT_000206b0	undefined4	4
DATA	000206b4	DAT_000206b4	undefined4	4
DATA	000206b8	DAT_000206b8	undefined4	4
DATA	000206bc	DAT_000206bc	undefined4	4
DATA	000206c0	DAT_000206c0	undefined4	4
DATA	000206c4	DAT_000206c4	undefined4	4
DATA	000206c8	DAT_000206c8	undefined4	4
DATA	000206cc	DAT_000206cc	undefined4	4
DATA	000206d0	DAT_000206d0	undefined4	4
DATA	000206d4	DAT_000206d4	undefined4	4
DATA	000206d8	DAT_000206d8	undefined4	4
DATA	000206dc	DAT_000206dc	undefined4	4
DATA	000206e0	DAT_000206e0	undefined4	4
DATA	000206e4	DAT_000206e4	undefined4	4
DATA	000206e8	DAT_000206e8	undefined4	4
DATA	000206ec	DAT_000206ec	undefined4	4
DATA	000206f0	DAT_000206f0	undefined4	4
DATA	000206f4	DAT_000206f4	undefined4	4
DATA	000206f8	DAT_000206f8	undefined4	4
DATA	000206fc	DAT_000206fc	undefined4	4
DATA	00020700	DAT_00020700	undefined4	4
DATA	00020704	DAT_00020704	undefined4	4
DATA	00020708	DAT_00020708	undefined4	4
DATA	0002070c	DAT_0002070c	undefined4	4
DATA	00020710	DAT_00020710	undefined4	4
DATA	00020714	DAT_00020714	undefined4	4
DATA	00020718	DAT_00020718	undefined4	4
DATA	0002071c	DAT_0002071c	undefined4	4
DATA	00020720	DAT_00020720	undefined4	4
DATA	00020724	DAT_00020724	undefined4	4
DATA	00020728	DAT_00020728	undefined4	4
DATA	0002072c	DAT_0002072c	undefined4	4
DATA	00020730	DAT_00020730	undefined4	4
DATA	00020734	DAT_00020734	undefined4	4
DATA	00020738	DAT_00020738	undefined4	4
DATA	0002073c	DAT_0002073c	undefined4	4
DATA	00020740	DAT_00020740	undefined4	4
DATA	00020744	DAT_00020744	undefined4	4
DATA	00020748	DAT_00020748	undefined4	4
DATA	0002074c	DAT_0002074c	undefined4	4
DATA	00020750	DAT_00020750	undefined4	4
DATA	00020754	DAT_00020754	undefined4	4
DATA	00020758	DAT_00020758	undefined4	4
DATA	0002075c	DAT_0002075c	undefined4	4
DATA	00020760	DAT_00020760	undefined4	4
DATA	00020764	DAT_00020764	undefined4	4
DATA	00020768	DAT_00020768	undefined4	4
DATA	0002076c	DAT_0002076c	undefined4	4
DATA	00020770	DAT_00020770	undefined4	4
DATA	00020774	DAT_00020774	undefined4	4
DATA	00020778	DAT_00020778	undefined4	4
DATA	0002077c	DAT_0002077c	undefined4	4
DATA	00020780	DAT_00020780	undefined4	4
DATA	00020784	DAT_00020784	undefined4	4
DATA	00020788	DAT_00020788	undefined4	4
DATA	0002078c	DAT_0002078c	undefined4	4
DATA	00020790	DAT_00020790	undefined4	4
DATA	00020794	DAT_00020794	undefined4	4
DATA	00020798	DAT_00020798	undefined4	4
DATA	0002079c	DAT_0002079c	undefined4	4
DATA	000207a0	DAT_000207a0	undefined4	4
DATA	000207a4	DAT_000207a4	undefined4	4
DATA	000207a8	DAT_000207a8	undefined4	4
DATA	000207ac	DAT_000207ac	undefined4	4
DATA	000207b0	DAT_000207b0	undefined4	4
DATA	000207b4	DAT_000207b4	undefined4	4
DATA	000207b8	DAT_000207b8	undefined4	4
DATA	000207bc	DAT_000207bc	undefined4	4
DATA	000207c0	DAT_000207c0	undefined4	4
DATA	000207c4	DAT_000207c4	undefined4	4
DATA	000207c8	DAT_000207c8	undefined4	4
DATA	000207cc	DAT_000207cc	undefined4	4
DATA	000207d0	DAT_000207d0	undefined4	4
DATA	000207d4	DAT_000207d4	undefined4	4
DATA	000207d8	DAT_000207d8	undefined4	4
DATA	000207dc	DAT_000207dc	undefined4	4
DATA	000207e0	DAT_000207e0	undefined4	4
DATA	000207e4	DAT_000207e4	undefined4	4
DATA	000207e8	DAT_000207e8	undefined4	4
DATA	000207ec	DAT_000207ec	undefined4	4
DATA	000207f0	DAT_000207f0	undefined4	4
DATA	000207f4	DAT_000207f4	undefined4	4
DATA	000207f8	DAT_000207f8	undefined4	4
DATA	000207fc	DAT_000207fc	undefined4	4
DATA	00020800	DAT_00020800	undefined4	4
DATA	00020804	DAT_00020804	undefined4	4
DATA	00020808	DAT_00020808	undefined4	4
DATA	0002080c	DAT_0002080c	undefined4	4
DATA	00020810	DAT_00020810	undefined4	4
DATA	00020814	DAT_00020814	undefined4	4
DATA	00020818	DAT_00020818	undefined4	4
DATA	0002081c	DAT_0002081c	undefined4	4
DATA	00020820	DAT_00020820	undefined4	4
DATA	00020824	DAT_00020824	undefined4	4
DATA	00020828	DAT_00020828	undefined4	4
DATA	0002082c	DAT_0002082c	undefined4	4
DATA	00020830	DAT_00020830	undefined4	4
DATA	00020834	DAT_00020834	undefined4	4
DATA	00020838	DAT_00020838	undefined4	4
DATA	0002083c	DAT_0002083c	undefined4	4
DATA	00020840	DAT_00020840	undefined4	4
DATA	00020844	DAT_00020844	undefined4	4
DATA	00020848	DAT_00020848	undefined4	4
DATA	0002084c	DAT_0002084c	undefined4	4
DATA	00020850	DAT_00020850	undefined4	4
DATA	00020854	DAT_00020854	undefined4	4
DATA	00020858	DAT_00020858	undefined4	4
DATA	0002085c	DAT_0002085c	undefined4	4
DATA	00020860	DAT_00020860	undefined4	4
DATA	00020864	DAT_00020864	undefined4	4
DATA	00020868	DAT_00020868	undefined4	4
DATA	0002086c	DAT_0002086c	undefined4	4
DATA	00020870	DAT_00020870	undefined4	4
DATA	00020874	DAT_00020874	undefined4	4
DATA	00020878	DAT_00020878	undefined4	4
DATA	0002087c	DAT_0002087c	undefined4	4
DATA	00020880	DAT_00020880	undefined4	4
DATA	00020884	DAT_00020884	undefined4	4
DATA	00020888	DAT_00020888	undefined4	4
DATA	0002088c	DAT_0002088c	undefined4	4
DATA	00020890	DAT_00020890	undefined4	4
DATA	00020894	DAT_00020894	undefined4	4
DATA	00020898	DAT_00020898	undefined4	4
DATA	0002089c	DAT_0002089c	undefined4	4
DATA	000208a0	DAT_000208a0	undefined4	4
DATA	000208a4	DAT_000208a4	undefined4	4
DATA	000208a8	DAT_000208a8	undefined4	4
DATA	000208ac	DAT_000208ac	undefined4	4
DATA	000208b0	DAT_000208b0	undefined4	4
DATA	000208b4	DAT_000208b4	undefined4	4
DATA	000208b8	DAT_000208b8	undefined4	4
DATA	000208bc	DAT_000208bc	undefined4	4
DATA	000208c0	DAT_000208c0	undefined4	4
DATA	000208c4	DAT_000208c4	undefined4	4
DATA	000208c8	DAT_000208c8	undefined4	4
DATA	000208cc	DAT_000208cc	undefined4	4
DATA	000208d0	DAT_000208d0	undefined4	4
DATA	000208d4	DAT_000208d4	undefined4	4
DATA	000208d8	DAT_000208d8	undefined4	4
DATA	000208dc	DAT_000208dc	undefined4	4
DATA	000208e0	DAT_000208e0	undefined4	4
DATA	000208e4	DAT_000208e4	undefined4	4
DATA	000208e8	DAT_000208e8	undefined4	4
DATA	000208ec	DAT_000208ec	undefined4	4
DATA	000208f0	DAT_000208f0	undefined4	4
DATA	000208f4	DAT_000208f4	undefined4	4
DATA	000208f8	DAT_000208f8	undefined4	4
DATA	000208fc	DAT_000208fc	undefined4	4
DATA	00020900	DAT_00020900	undefined4	4
FUNC	000211bc	gameType	undefined gameType()
DATA	000211f0	DAT_000211f0	undefined4	4
DATA	000211f4	DAT_000211f4	undefined4	4
FUNC	000211f8	LoadMenuLog	undefined LoadMenuLog()
DATA	0002135c	DAT_0002135c	undefined4	4
DATA	00021360	DAT_00021360	undefined4	4
DATA	00021364	DAT_00021364	undefined4	4
DATA	00021368	DAT_00021368	undefined4	4
DATA	0002136c	DAT_0002136c	undefined4	4
DATA	00021370	DAT_00021370	undefined4	4
DATA	00021374	DAT_00021374	undefined4	4
DATA	00021378	DAT_00021378	undefined4	4
DATA	0002137c	DAT_0002137c	undefined4	4
DATA	00021380	DAT_00021380	undefined4	4
DATA	00021384	DAT_00021384	undefined4	4
FUNC	00021388	SaveMenuLog	undefined SaveMenuLog()
DATA	00021408	DAT_00021408	undefined4	4
DATA	0002140c	DAT_0002140c	undefined4	4
DATA	00021410	DAT_00021410	undefined4	4
DATA	00021414	DAT_00021414	undefined4	4
DATA	00021418	DAT_00021418	undefined4	4
FUNC	0002141c	mui_ReadJoystick	undefined mui_ReadJoystick()
FUNC	0002142c	dir_serial_list	undefined dir_serial_list()
DATA	0002166c	DAT_0002166c	undefined4	4
DATA	00021670	DAT_00021670	undefined4	4
DATA	00021674	DAT_00021674	undefined4	4
DATA	00021678	DAT_00021678	undefined4	4
DATA	0002167c	DAT_0002167c	undefined4	4
DATA	00021680	DAT_00021680	undefined4	4
DATA	00021684	DAT_00021684	undefined4	4
DATA	00021688	DAT_00021688	undefined4	4
DATA	0002168c	DAT_0002168c	undefined4	4
DATA	00021690	DAT_00021690	undefined4	4
DATA	00021694	DAT_00021694	undefined4	4
FUNC	00021698	outputblankxy	undefined outputblankxy()
DATA	0002176c	DAT_0002176c	undefined4	4
DATA	00021770	DAT_00021770	undefined4	4
FUNC	00021774	DisplayLine_list	undefined DisplayLine_list()
DATA	0002186c	DAT_0002186c	undefined4	4
DATA	00021870	DAT_00021870	undefined4	4
DATA	00021874	DAT_00021874	undefined4	4
DATA	00021878	DAT_00021878	undefined4	4
FUNC	0002187c	DisplayPage_list	undefined DisplayPage_list()
DATA	00021974	DAT_00021974	undefined4	4
DATA	00021978	DAT_00021978	undefined4	4
FUNC	0002197c	myStrrstr	undefined myStrrstr()
FUNC	00021a2c	EmuCore_Blank	undefined EmuCore_Blank()
DATA	00021aa0	DAT_00021aa0	undefined4	4
FUNC	00021aa4	EmuCore_Line	undefined EmuCore_Line()
DATA	00021b8c	DAT_00021b8c	undefined4	4
DATA	00021b90	DAT_00021b90	undefined4	4
DATA	00021b94	DAT_00021b94	undefined4	4
DATA	00021b98	DAT_00021b98	undefined4	4
DATA	00021b9c	DAT_00021b9c	undefined4	4
FUNC	00021ba0	EmuCore_list	undefined EmuCore_list()
DATA	00021c04	DAT_00021c04	undefined4	4
FUNC	00021c08	SeletEmuCore	undefined SeletEmuCore()
DATA	000222b8	DAT_000222b8	undefined4	4
DATA	000222bc	DAT_000222bc	undefined4	4
DATA	000222c0	DAT_000222c0	undefined4	4
DATA	000222c4	DAT_000222c4	undefined4	4
DATA	000222c8	DAT_000222c8	undefined4	4
DATA	000222cc	DAT_000222cc	undefined4	4
DATA	000222d0	DAT_000222d0	undefined4	4
DATA	000222d4	DAT_000222d4	undefined4	4
DATA	000222d8	DAT_000222d8	undefined4	4
DATA	000222dc	DAT_000222dc	undefined4	4
DATA	000222e0	DAT_000222e0	undefined4	4
DATA	000222e4	DAT_000222e4	undefined4	4
DATA	000222e8	DAT_000222e8	undefined4	4
DATA	000222ec	DAT_000222ec	undefined4	4
DATA	000222f0	DAT_000222f0	undefined4	4
DATA	000222f4	DAT_000222f4	undefined4	4
DATA	000222f8	DAT_000222f8	undefined4	4
DATA	000222fc	DAT_000222fc	undefined4	4
DATA	00022300	DAT_00022300	undefined4	4
DATA	00022304	DAT_00022304	undefined4	4
DATA	00022308	DAT_00022308	undefined4	4
DATA	0002230c	DAT_0002230c	undefined4	4
DATA	00022310	DAT_00022310	undefined4	4
DATA	00022314	DAT_00022314	undefined4	4
DATA	00022318	DAT_00022318	undefined4	4
DATA	0002231c	DAT_0002231c	undefined4	4
DATA	00022320	DAT_00022320	undefined4	4
DATA	00022324	DAT_00022324	undefined4	4
DATA	00022328	DAT_00022328	undefined4	4
DATA	0002232c	DAT_0002232c	undefined4	4
DATA	00022330	DAT_00022330	undefined4	4
FUNC	00022334	GetFileCore	undefined GetFileCore()
DATA	000223dc	DAT_000223dc	undefined4	4
DATA	000223e0	DAT_000223e0	undefined4	4
DATA	000223e4	DAT_000223e4	undefined4	4
DATA	000223e8	DAT_000223e8	undefined4	4
DATA	000223ec	DAT_000223ec	undefined4	4
FUNC	000223f0	ui_GetVolume	undefined ui_GetVolume()
DATA	00022400	DAT_00022400	undefined4	4
FUNC	00022404	SoundClose	undefined SoundClose()
DATA	00022478	DAT_00022478	undefined4	4
DATA	0002247c	DAT_0002247c	undefined4	4
FUNC	00022480	ui_deinit	undefined ui_deinit()
DATA	00022510	DAT_00022510	undefined4	4
DATA	00022514	DAT_00022514	undefined4	4
DATA	00022518	DAT_00022518	undefined4	4
DATA	0002251c	DAT_0002251c	undefined4	4
FUNC	00022520	SoundPlay	undefined SoundPlay()
DATA	0002269c	DAT_0002269c	undefined4	4
DATA	000226a0	DAT_000226a0	undefined4	4
DATA	000226a4	DAT_000226a4	undefined4	4
FUNC	000226a8	filelist_run_game	undefined filelist_run_game()
DATA	0002299c	DAT_0002299c	undefined4	4
DATA	000229a0	DAT_000229a0	undefined4	4
DATA	000229a4	DAT_000229a4	undefined4	4
DATA	000229a8	DAT_000229a8	undefined4	4
DATA	000229ac	DAT_000229ac	undefined4	4
DATA	000229b0	DAT_000229b0	undefined4	4
DATA	000229b4	DAT_000229b4	undefined4	4
DATA	000229b8	DAT_000229b8	undefined4	4
DATA	000229bc	DAT_000229bc	undefined4	4
DATA	000229c0	DAT_000229c0	undefined4	4
DATA	000229c4	DAT_000229c4	undefined4	4
DATA	000229c8	DAT_000229c8	undefined4	4
DATA	000229cc	DAT_000229cc	undefined4	4
DATA	000229d0	DAT_000229d0	undefined4	4
DATA	000229d4	DAT_000229d4	undefined4	4
DATA	000229d8	DAT_000229d8	undefined4	4
DATA	000229dc	DAT_000229dc	undefined4	4
DATA	000229e0	DAT_000229e0	undefined4	4
DATA	000229e4	DAT_000229e4	undefined4	4
DATA	000229e8	DAT_000229e8	undefined4	4
DATA	000229ec	DAT_000229ec	undefined4	4
DATA	000229f0	DAT_000229f0	undefined4	4
DATA	000229f4	DAT_000229f4	undefined4	4
FUNC	000229f8	mui_run_game	undefined mui_run_game()
DATA	00023180	DAT_00023180	undefined4	4
DATA	00023184	DAT_00023184	undefined4	4
DATA	00023188	DAT_00023188	undefined4	4
DATA	0002318c	DAT_0002318c	undefined4	4
DATA	00023190	DAT_00023190	undefined4	4
DATA	00023194	DAT_00023194	undefined4	4
DATA	00023198	DAT_00023198	undefined4	4
DATA	0002319c	DAT_0002319c	undefined4	4
DATA	000231a0	DAT_000231a0	undefined4	4
DATA	000231a4	DAT_000231a4	undefined4	4
DATA	000231a8	DAT_000231a8	undefined4	4
DATA	000231ac	DAT_000231ac	undefined4	4
DATA	000231b0	DAT_000231b0	undefined4	4
DATA	000231b4	DAT_000231b4	undefined4	4
DATA	000231b8	DAT_000231b8	undefined4	4
DATA	000231bc	DAT_000231bc	undefined4	4
DATA	000231c0	DAT_000231c0	undefined4	4
DATA	000231c4	DAT_000231c4	undefined4	4
DATA	000231c8	DAT_000231c8	undefined4	4
DATA	000231cc	DAT_000231cc	undefined4	4
DATA	000231d0	DAT_000231d0	undefined4	4
DATA	000231d4	DAT_000231d4	undefined4	4
DATA	000231d8	DAT_000231d8	undefined4	4
DATA	000231dc	DAT_000231dc	undefined4	4
DATA	000231e0	DAT_000231e0	undefined4	4
DATA	000231e4	DAT_000231e4	undefined4	4
DATA	000231e8	DAT_000231e8	undefined4	4
DATA	000231ec	DAT_000231ec	undefined4	4
DATA	000231f0	DAT_000231f0	undefined4	4
DATA	000231f4	DAT_000231f4	undefined4	4
DATA	000231f8	DAT_000231f8	undefined4	4
DATA	000231fc	DAT_000231fc	undefined4	4
DATA	00023200	DAT_00023200	undefined4	4
FUNC	00023204	mui_menu	undefined mui_menu()
DATA	00023d1c	DAT_00023d1c	undefined4	4
DATA	00023d20	DAT_00023d20	undefined4	4
DATA	00023d24	DAT_00023d24	undefined4	4
DATA	00023d28	DAT_00023d28	undefined4	4
DATA	00023d2c	DAT_00023d2c	undefined4	4
DATA	00023d30	DAT_00023d30	undefined4	4
DATA	00023d34	DAT_00023d34	undefined4	4
DATA	00023d38	DAT_00023d38	undefined4	4
DATA	00023d3c	DAT_00023d3c	undefined4	4
DATA	00023d40	DAT_00023d40	undefined4	4
DATA	00023d44	DAT_00023d44	undefined4	4
DATA	00023d48	DAT_00023d48	undefined4	4
DATA	00023d4c	DAT_00023d4c	undefined4	4
DATA	00023d50	DAT_00023d50	undefined4	4
DATA	00023d54	DAT_00023d54	undefined4	4
DATA	00023d58	DAT_00023d58	undefined4	4
DATA	00023d5c	DAT_00023d5c	undefined4	4
DATA	00023d60	DAT_00023d60	undefined4	4
DATA	00023d64	DAT_00023d64	undefined4	4
DATA	00023d68	DAT_00023d68	undefined4	4
DATA	00023d6c	DAT_00023d6c	undefined4	4
DATA	00023d70	DAT_00023d70	undefined4	4
DATA	00023d74	DAT_00023d74	undefined4	4
DATA	00023d78	DAT_00023d78	undefined4	4
DATA	00023d7c	DAT_00023d7c	undefined4	4
DATA	00023d80	DAT_00023d80	undefined4	4
DATA	00023d84	DAT_00023d84	undefined4	4
DATA	00023d88	DAT_00023d88	undefined4	4
DATA	00023d8c	DAT_00023d8c	undefined4	4
DATA	00023d90	DAT_00023d90	undefined4	4
DATA	00023d94	DAT_00023d94	undefined4	4
DATA	00023d98	DAT_00023d98	undefined4	4
DATA	00023d9c	DAT_00023d9c	undefined4	4
DATA	00023da0	DAT_00023da0	undefined4	4
DATA	00023da4	DAT_00023da4	undefined4	4
DATA	00023da8	DAT_00023da8	undefined4	4
DATA	00023dac	DAT_00023dac	undefined4	4
DATA	00023db0	DAT_00023db0	undefined4	4
DATA	00023db4	DAT_00023db4	undefined4	4
DATA	00023db8	DAT_00023db8	undefined4	4
DATA	00023dbc	DAT_00023dbc	undefined4	4
DATA	00023dc0	DAT_00023dc0	undefined4	4
DATA	00023dc4	DAT_00023dc4	undefined4	4
DATA	00023dc8	DAT_00023dc8	undefined4	4
DATA	00023dcc	DAT_00023dcc	undefined4	4
DATA	00023dd0	DAT_00023dd0	undefined4	4
DATA	00023dd4	DAT_00023dd4	undefined4	4
DATA	00023dd8	DAT_00023dd8	undefined4	4
DATA	00023ddc	DAT_00023ddc	undefined4	4
DATA	00023de0	DAT_00023de0	undefined4	4
DATA	00023de4	DAT_00023de4	undefined4	4
DATA	00023de8	DAT_00023de8	undefined4	4
DATA	00023dec	DAT_00023dec	undefined4	4
DATA	00023df0	DAT_00023df0	undefined4	4
DATA	00023df4	DAT_00023df4	undefined4	4
DATA	00023df8	DAT_00023df8	undefined4	4
DATA	00023dfc	DAT_00023dfc	undefined4	4
DATA	00023e00	DAT_00023e00	undefined4	4
DATA	00023e04	DAT_00023e04	undefined4	4
DATA	00023e08	DAT_00023e08	undefined4	4
DATA	00023e0c	DAT_00023e0c	undefined4	4
FUNC	00023e10	mui_type	undefined mui_type()
DATA	00024dfc	DAT_00024dfc	undefined4	4
DATA	00024e00	DAT_00024e00	undefined4	4
DATA	00024e04	DAT_00024e04	undefined4	4
DATA	00024e08	DAT_00024e08	undefined4	4
DATA	00024e0c	DAT_00024e0c	undefined4	4
DATA	00024e10	DAT_00024e10	undefined4	4
DATA	00024e14	DAT_00024e14	undefined4	4
DATA	00024e18	DAT_00024e18	undefined4	4
DATA	00024e1c	DAT_00024e1c	undefined4	4
DATA	00024e20	DAT_00024e20	undefined4	4
DATA	00024e24	DAT_00024e24	undefined4	4
DATA	00024e28	DAT_00024e28	undefined4	4
DATA	00024e2c	DAT_00024e2c	undefined4	4
DATA	00024e30	DAT_00024e30	undefined4	4
DATA	00024e34	DAT_00024e34	undefined4	4
DATA	00024e38	DAT_00024e38	undefined4	4
DATA	00024e3c	DAT_00024e3c	undefined4	4
DATA	00024e40	DAT_00024e40	undefined4	4
DATA	00024e44	DAT_00024e44	undefined4	4
DATA	00024e48	DAT_00024e48	undefined4	4
DATA	00024e4c	DAT_00024e4c	undefined4	4
DATA	00024e50	DAT_00024e50	undefined4	4
DATA	00024e54	DAT_00024e54	undefined4	4
DATA	00024e58	DAT_00024e58	undefined4	4
DATA	00024e5c	DAT_00024e5c	undefined4	4
DATA	00024e60	DAT_00024e60	undefined4	4
DATA	00024e64	DAT_00024e64	undefined4	4
DATA	00024e68	DAT_00024e68	undefined4	4
DATA	00024e6c	DAT_00024e6c	undefined4	4
DATA	00024e70	DAT_00024e70	undefined4	4
DATA	00024e74	DAT_00024e74	undefined4	4
DATA	00024e78	DAT_00024e78	undefined4	4
DATA	00024e7c	DAT_00024e7c	undefined4	4
DATA	00024e80	DAT_00024e80	undefined4	4
DATA	00024e84	DAT_00024e84	undefined4	4
DATA	00024e88	DAT_00024e88	undefined4	4
DATA	00024e8c	DAT_00024e8c	undefined4	4
DATA	00024e90	DAT_00024e90	undefined4	4
DATA	00024e94	DAT_00024e94	undefined4	4
DATA	00024e98	DAT_00024e98	undefined4	4
DATA	00024e9c	DAT_00024e9c	undefined4	4
DATA	00024ea0	DAT_00024ea0	undefined4	4
DATA	00024ea4	DAT_00024ea4	undefined4	4
DATA	00024ea8	DAT_00024ea8	undefined4	4
DATA	00024eac	DAT_00024eac	undefined4	4
DATA	00024eb0	DAT_00024eb0	undefined4	4
DATA	00024eb4	DAT_00024eb4	undefined4	4
DATA	00024eb8	DAT_00024eb8	undefined4	4
DATA	00024ebc	DAT_00024ebc	undefined4	4
DATA	00024ec0	DAT_00024ec0	undefined4	4
DATA	00024ec4	DAT_00024ec4	undefined4	4
DATA	00024ec8	DAT_00024ec8	undefined4	4
DATA	00024ecc	DAT_00024ecc	undefined4	4
DATA	00024ed0	DAT_00024ed0	undefined4	4
DATA	00024ed4	DAT_00024ed4	undefined4	4
DATA	00024ed8	DAT_00024ed8	undefined4	4
DATA	00024edc	DAT_00024edc	undefined4	4
DATA	00024ee0	DAT_00024ee0	undefined4	4
DATA	00024ee4	DAT_00024ee4	undefined4	4
DATA	00024ee8	DAT_00024ee8	undefined4	4
DATA	00024eec	DAT_00024eec	undefined4	4
DATA	00024ef0	DAT_00024ef0	undefined4	4
DATA	00024ef4	DAT_00024ef4	undefined4	4
DATA	00024ef8	DAT_00024ef8	undefined4	4
DATA	00024efc	DAT_00024efc	undefined4	4
DATA	00024f00	DAT_00024f00	undefined4	4
DATA	00024f04	DAT_00024f04	undefined4	4
DATA	00024f08	DAT_00024f08	undefined4	4
DATA	00024f0c	DAT_00024f0c	undefined4	4
DATA	00024f10	DAT_00024f10	undefined4	4
DATA	00024f14	DAT_00024f14	undefined4	4
DATA	00024f18	DAT_00024f18	undefined4	4
DATA	00024f1c	DAT_00024f1c	undefined4	4
DATA	00024f20	DAT_00024f20	undefined4	4
DATA	00024f24	DAT_00024f24	undefined4	4
DATA	00024f28	DAT_00024f28	undefined4	4
DATA	00024f2c	DAT_00024f2c	undefined4	4
DATA	00024f30	DAT_00024f30	undefined4	4
DATA	00024f34	DAT_00024f34	undefined4	4
DATA	00024f38	DAT_00024f38	undefined4	4
DATA	00024f3c	DAT_00024f3c	undefined4	4
DATA	00024f40	DAT_00024f40	undefined4	4
DATA	00024f44	DAT_00024f44	undefined4	4
DATA	00024f48	DAT_00024f48	undefined4	4
DATA	00024f4c	DAT_00024f4c	undefined4	4
DATA	00024f50	DAT_00024f50	undefined4	4
DATA	00024f54	DAT_00024f54	undefined4	4
DATA	00024f58	DAT_00024f58	undefined4	4
DATA	00024f5c	DAT_00024f5c	undefined4	4
DATA	00024f60	DAT_00024f60	undefined4	4
FUNC	00025094	mui_search	undefined mui_search()
DATA	00026058	DAT_00026058	undefined4	4
DATA	0002605c	DAT_0002605c	undefined4	4
DATA	00026060	DAT_00026060	undefined4	4
DATA	00026064	DAT_00026064	undefined4	4
DATA	00026068	DAT_00026068	undefined4	4
DATA	0002606c	DAT_0002606c	undefined4	4
DATA	00026070	DAT_00026070	undefined4	4
DATA	00026074	DAT_00026074	undefined4	4
DATA	00026078	DAT_00026078	undefined4	4
DATA	0002607c	DAT_0002607c	undefined4	4
DATA	00026080	DAT_00026080	undefined4	4
DATA	00026084	DAT_00026084	undefined4	4
DATA	00026088	DAT_00026088	undefined4	4
DATA	0002608c	DAT_0002608c	undefined4	4
DATA	00026090	DAT_00026090	undefined4	4
DATA	00026094	DAT_00026094	undefined4	4
DATA	00026098	DAT_00026098	undefined4	4
DATA	0002609c	DAT_0002609c	undefined4	4
DATA	000260a0	DAT_000260a0	undefined4	4
DATA	000260a4	DAT_000260a4	undefined4	4
DATA	000260a8	DAT_000260a8	undefined4	4
DATA	000260ac	DAT_000260ac	undefined4	4
DATA	000260b0	DAT_000260b0	undefined4	4
DATA	000260b4	DAT_000260b4	undefined4	4
DATA	000260b8	DAT_000260b8	undefined4	4
DATA	000260bc	DAT_000260bc	undefined4	4
DATA	000260c0	DAT_000260c0	undefined4	4
DATA	000260c4	DAT_000260c4	undefined4	4
DATA	000260c8	DAT_000260c8	undefined4	4
DATA	000260cc	DAT_000260cc	undefined4	4
DATA	000260d0	DAT_000260d0	undefined4	4
DATA	000260d4	DAT_000260d4	undefined4	4
DATA	000260d8	DAT_000260d8	undefined4	4
DATA	000260dc	DAT_000260dc	undefined4	4
DATA	000260e0	DAT_000260e0	undefined4	4
DATA	000260e4	DAT_000260e4	undefined4	4
DATA	000260e8	DAT_000260e8	undefined4	4
DATA	000260ec	DAT_000260ec	undefined4	4
DATA	000260f0	DAT_000260f0	undefined4	4
DATA	000260f4	DAT_000260f4	undefined4	4
DATA	000260f8	DAT_000260f8	undefined4	4
DATA	000260fc	DAT_000260fc	undefined4	4
DATA	00026100	DAT_00026100	undefined4	4
DATA	00026104	DAT_00026104	undefined4	4
DATA	00026108	DAT_00026108	undefined4	4
DATA	0002610c	DAT_0002610c	undefined4	4
DATA	00026110	DAT_00026110	undefined4	4
DATA	00026114	DAT_00026114	undefined4	4
DATA	00026118	DAT_00026118	undefined4	4
DATA	0002611c	DAT_0002611c	undefined4	4
DATA	00026120	DAT_00026120	undefined4	4
DATA	00026124	DAT_00026124	undefined4	4
DATA	00026128	DAT_00026128	undefined4	4
DATA	0002612c	DAT_0002612c	undefined4	4
DATA	00026130	DAT_00026130	undefined4	4
DATA	00026134	DAT_00026134	undefined4	4
DATA	00026138	DAT_00026138	undefined4	4
DATA	0002613c	DAT_0002613c	undefined4	4
DATA	00026140	DAT_00026140	undefined4	4
DATA	00026144	DAT_00026144	undefined4	4
DATA	00026148	DAT_00026148	undefined4	4
DATA	0002614c	DAT_0002614c	undefined4	4
DATA	00026150	DAT_00026150	undefined4	4
DATA	00026154	DAT_00026154	undefined4	4
DATA	00026158	DAT_00026158	undefined4	4
DATA	0002615c	DAT_0002615c	undefined4	4
DATA	00026160	DAT_00026160	undefined4	4
DATA	00026164	DAT_00026164	undefined4	4
DATA	00026168	DAT_00026168	undefined4	4
DATA	0002616c	DAT_0002616c	undefined4	4
DATA	00026170	DAT_00026170	undefined4	4
DATA	00026174	DAT_00026174	undefined4	4
DATA	00026178	DAT_00026178	undefined4	4
DATA	0002617c	DAT_0002617c	undefined4	4
DATA	00026180	DAT_00026180	undefined4	4
DATA	00026184	DAT_00026184	undefined4	4
DATA	00026188	DAT_00026188	undefined4	4
DATA	0002618c	DAT_0002618c	undefined4	4
DATA	00026190	DAT_00026190	undefined4	4
DATA	00026194	DAT_00026194	undefined4	4
DATA	00026198	DAT_00026198	undefined4	4
DATA	0002619c	DAT_0002619c	undefined4	4
DATA	000261a0	DAT_000261a0	undefined4	4
DATA	000261a4	DAT_000261a4	undefined4	4
DATA	000261a8	DAT_000261a8	undefined4	4
DATA	000261ac	DAT_000261ac	undefined4	4
DATA	000261b0	DAT_000261b0	undefined4	4
DATA	000261b4	DAT_000261b4	undefined4	4
DATA	000261b8	DAT_000261b8	undefined4	4
FUNC	000266e4	Mp3DecodeLoop	undefined Mp3DecodeLoop()
DATA	00026858	DAT_00026858	undefined4	4
DATA	0002685c	DAT_0002685c	undefined4	4
FUNC	00026860	AudioProcess	undefined AudioProcess()
DATA	00026b48	DAT_00026b48	undefined4	4
DATA	00026b4c	DAT_00026b4c	undefined4	4
DATA	00026b50	DAT_00026b50	undefined4	4
DATA	00026b54	DAT_00026b54	undefined4	4
DATA	00026b58	DAT_00026b58	undefined4	4
DATA	00026b5c	DAT_00026b5c	undefined4	4
DATA	00026b60	DAT_00026b60	undefined4	4
FUNC	00026b64	mui_SoundplayThread	undefined mui_SoundplayThread()
DATA	00026c4c	DAT_00026c4c	undefined4	4
DATA	00026c50	DAT_00026c50	undefined4	4
DATA	00026c54	DAT_00026c54	undefined4	4
DATA	00026c58	DAT_00026c58	undefined4	4
FUNC	00026c5c	LoadDefaultState	undefined LoadDefaultState()
DATA	00026ccc	DAT_00026ccc	undefined4	4
DATA	00026cd0	DAT_00026cd0	undefined4	4
DATA	00026cd4	DAT_00026cd4	undefined4	4
FUNC	00026cd8	SaveDefaultState	undefined SaveDefaultState()
DATA	00026d44	DAT_00026d44	undefined4	4
DATA	00026d48	DAT_00026d48	undefined4	4
DATA	00026d4c	DAT_00026d4c	undefined4	4
DATA	00026d50	DAT_00026d50	undefined4	4
FUNC	00026d54	InitKeyMapping0fEmuType	undefined InitKeyMapping0fEmuType()
DATA	00027088	DAT_00027088	undefined4	4
DATA	0002708c	DAT_0002708c	undefined4	4
DATA	00027090	DAT_00027090	undefined4	4
DATA	00027094	DAT_00027094	undefined4	4
DATA	00027098	DAT_00027098	undefined4	4
DATA	0002709c	DAT_0002709c	undefined4	4
DATA	000270a0	DAT_000270a0	undefined4	4
DATA	000270a4	DAT_000270a4	undefined4	4
DATA	000270a8	DAT_000270a8	undefined4	4
DATA	000270ac	DAT_000270ac	undefined4	4
DATA	000270b0	DAT_000270b0	undefined4	4
DATA	000270b4	DAT_000270b4	undefined4	4
DATA	000270b8	DAT_000270b8	undefined4	4
DATA	000270bc	DAT_000270bc	undefined4	4
DATA	000270c0	DAT_000270c0	undefined4	4
DATA	000270c4	DAT_000270c4	undefined4	4
DATA	000270c8	DAT_000270c8	undefined4	4
DATA	000270cc	DAT_000270cc	undefined4	4
DATA	000270d0	DAT_000270d0	undefined4	4
DATA	000270d4	DAT_000270d4	undefined4	4
DATA	000270d8	DAT_000270d8	undefined4	4
DATA	000270dc	DAT_000270dc	undefined4	4
DATA	000270e0	DAT_000270e0	undefined4	4
FUNC	000270e4	SaveKeyMappingConfigFile	undefined SaveKeyMappingConfigFile()
DATA	0002725c	DAT_0002725c	undefined4	4
DATA	00027260	DAT_00027260	undefined4	4
DATA	00027264	DAT_00027264	undefined4	4
DATA	00027268	DAT_00027268	undefined4	4
DATA	0002726c	DAT_0002726c	undefined4	4
DATA	00027270	DAT_00027270	undefined4	4
DATA	00027274	DAT_00027274	undefined4	4
DATA	00027278	DAT_00027278	undefined4	4
DATA	0002727c	DAT_0002727c	undefined4	4
DATA	00027280	DAT_00027280	undefined4	4
DATA	00027284	DAT_00027284	undefined4	4
FUNC	00027288	blockadaptive	undefined blockadaptive()
FUNC	00027398	popwindows	undefined popwindows()
DATA	000275b0	DAT_000275b0	undefined4	4
DATA	000275b4	DAT_000275b4	undefined4	4
DATA	000275b8	DAT_000275b8	undefined4	4
DATA	000275bc	DAT_000275bc	undefined4	4
DATA	000275c0	DAT_000275c0	undefined4	4
FUNC	000275c4	popoffwindows	undefined popoffwindows()
DATA	000277a8	DAT_000277a8	undefined4	4
DATA	000277ac	DAT_000277ac	undefined4	4
DATA	000277b0	DAT_000277b0	undefined4	4
DATA	000277b4	DAT_000277b4	undefined4	4
DATA	000277b8	DAT_000277b8	undefined4	4
FUNC	000277bc	mui_recent	undefined mui_recent()
DATA	000287b0	DAT_000287b0	undefined4	4
DATA	000287b4	DAT_000287b4	undefined4	4
DATA	000287b8	DAT_000287b8	undefined4	4
DATA	000287bc	DAT_000287bc	undefined4	4
DATA	000287c0	DAT_000287c0	undefined4	4
DATA	000287c4	DAT_000287c4	undefined4	4
DATA	000287c8	DAT_000287c8	undefined4	4
DATA	000287cc	DAT_000287cc	undefined4	4
DATA	000287d0	DAT_000287d0	undefined4	4
DATA	000287d4	DAT_000287d4	undefined4	4
DATA	000287d8	DAT_000287d8	undefined4	4
DATA	000287dc	DAT_000287dc	undefined4	4
DATA	000287e0	DAT_000287e0	undefined4	4
DATA	000287e4	DAT_000287e4	undefined4	4
DATA	000287e8	DAT_000287e8	undefined4	4
DATA	000287ec	DAT_000287ec	undefined4	4
DATA	000287f0	DAT_000287f0	undefined4	4
DATA	000287f4	DAT_000287f4	undefined4	4
DATA	000287f8	DAT_000287f8	undefined4	4
DATA	000287fc	DAT_000287fc	undefined4	4
DATA	00028800	DAT_00028800	undefined4	4
DATA	00028804	DAT_00028804	undefined4	4
DATA	00028808	DAT_00028808	undefined4	4
DATA	0002880c	DAT_0002880c	undefined4	4
DATA	00028810	DAT_00028810	undefined4	4
DATA	00028814	DAT_00028814	undefined4	4
DATA	00028818	DAT_00028818	undefined4	4
DATA	0002881c	DAT_0002881c	undefined4	4
DATA	00028820	DAT_00028820	undefined4	4
DATA	00028824	DAT_00028824	undefined4	4
DATA	00028828	DAT_00028828	undefined4	4
DATA	0002882c	DAT_0002882c	undefined4	4
DATA	00028830	DAT_00028830	undefined4	4
DATA	00028834	DAT_00028834	undefined4	4
DATA	00028838	DAT_00028838	undefined4	4
DATA	0002883c	DAT_0002883c	undefined4	4
DATA	00028840	DAT_00028840	undefined4	4
DATA	00028844	DAT_00028844	undefined4	4
DATA	00028848	DAT_00028848	undefined4	4
DATA	0002884c	DAT_0002884c	undefined4	4
DATA	00028850	DAT_00028850	undefined4	4
DATA	00028854	DAT_00028854	undefined4	4
DATA	00028858	DAT_00028858	undefined4	4
DATA	0002885c	DAT_0002885c	undefined4	4
DATA	00028860	DAT_00028860	undefined4	4
DATA	00028864	DAT_00028864	undefined4	4
DATA	00028868	DAT_00028868	undefined4	4
DATA	0002886c	DAT_0002886c	undefined4	4
DATA	00028870	DAT_00028870	undefined4	4
DATA	00028874	DAT_00028874	undefined4	4
DATA	00028878	DAT_00028878	undefined4	4
DATA	0002887c	DAT_0002887c	undefined4	4
DATA	00028880	DAT_00028880	undefined4	4
DATA	00028884	DAT_00028884	undefined4	4
DATA	00028888	DAT_00028888	undefined4	4
DATA	0002888c	DAT_0002888c	undefined4	4
DATA	00028890	DAT_00028890	undefined4	4
DATA	00028894	DAT_00028894	undefined4	4
DATA	00028898	DAT_00028898	undefined4	4
DATA	0002889c	DAT_0002889c	undefined4	4
DATA	000288a0	DAT_000288a0	undefined4	4
DATA	000288a4	DAT_000288a4	undefined4	4
DATA	000288a8	DAT_000288a8	undefined4	4
DATA	000288ac	DAT_000288ac	undefined4	4
DATA	000288b0	DAT_000288b0	undefined4	4
DATA	000288b4	DAT_000288b4	undefined4	4
DATA	000288b8	DAT_000288b8	undefined4	4
DATA	000288bc	DAT_000288bc	undefined4	4
DATA	000288c0	DAT_000288c0	undefined4	4
DATA	000288c4	DAT_000288c4	undefined4	4
DATA	000288c8	DAT_000288c8	undefined4	4
DATA	000288cc	DAT_000288cc	undefined4	4
DATA	000288d0	DAT_000288d0	undefined4	4
DATA	000288d4	DAT_000288d4	undefined4	4
DATA	000288d8	DAT_000288d8	undefined4	4
FUNC	00028a74	mui_shoucang	undefined mui_shoucang()
DATA	00029884	DAT_00029884	undefined4	4
DATA	00029888	DAT_00029888	undefined4	4
DATA	0002988c	DAT_0002988c	undefined4	4
DATA	00029890	DAT_00029890	undefined4	4
DATA	00029894	DAT_00029894	undefined4	4
DATA	00029898	DAT_00029898	undefined4	4
DATA	0002989c	DAT_0002989c	undefined4	4
DATA	000298a0	DAT_000298a0	undefined4	4
DATA	000298a4	DAT_000298a4	undefined4	4
DATA	000298a8	DAT_000298a8	undefined4	4
DATA	000298ac	DAT_000298ac	undefined4	4
DATA	000298b0	DAT_000298b0	undefined4	4
DATA	000298b4	DAT_000298b4	undefined4	4
DATA	000298b8	DAT_000298b8	undefined4	4
DATA	000298bc	DAT_000298bc	undefined4	4
DATA	000298c0	DAT_000298c0	undefined4	4
DATA	000298c4	DAT_000298c4	undefined4	4
DATA	000298c8	DAT_000298c8	undefined4	4
DATA	000298cc	DAT_000298cc	undefined4	4
DATA	000298d0	DAT_000298d0	undefined4	4
DATA	000298d4	DAT_000298d4	undefined4	4
DATA	000298d8	DAT_000298d8	undefined4	4
DATA	000298dc	DAT_000298dc	undefined4	4
DATA	000298e0	DAT_000298e0	undefined4	4
DATA	000298e4	DAT_000298e4	undefined4	4
DATA	000298e8	DAT_000298e8	undefined4	4
DATA	000298ec	DAT_000298ec	undefined4	4
DATA	000298f0	DAT_000298f0	undefined4	4
DATA	000298f4	DAT_000298f4	undefined4	4
DATA	000298f8	DAT_000298f8	undefined4	4
DATA	000298fc	DAT_000298fc	undefined4	4
DATA	00029900	DAT_00029900	undefined4	4
DATA	00029904	DAT_00029904	undefined4	4
DATA	00029908	DAT_00029908	undefined4	4
DATA	0002990c	DAT_0002990c	undefined4	4
DATA	00029910	DAT_00029910	undefined4	4
DATA	00029914	DAT_00029914	undefined4	4
DATA	00029918	DAT_00029918	undefined4	4
DATA	0002991c	DAT_0002991c	undefined4	4
DATA	00029920	DAT_00029920	undefined4	4
DATA	00029924	DAT_00029924	undefined4	4
DATA	00029928	DAT_00029928	undefined4	4
DATA	0002992c	DAT_0002992c	undefined4	4
DATA	00029930	DAT_00029930	undefined4	4
DATA	00029934	DAT_00029934	undefined4	4
DATA	00029938	DAT_00029938	undefined4	4
DATA	0002993c	DAT_0002993c	undefined4	4
DATA	00029940	DAT_00029940	undefined4	4
DATA	00029944	DAT_00029944	undefined4	4
DATA	00029948	DAT_00029948	undefined4	4
DATA	0002994c	DAT_0002994c	undefined4	4
DATA	00029950	DAT_00029950	undefined4	4
DATA	00029954	DAT_00029954	undefined4	4
DATA	00029958	DAT_00029958	undefined4	4
DATA	0002995c	DAT_0002995c	undefined4	4
DATA	00029960	DAT_00029960	undefined4	4
DATA	00029964	DAT_00029964	undefined4	4
DATA	00029968	DAT_00029968	undefined4	4
DATA	0002996c	DAT_0002996c	undefined4	4
DATA	00029970	DAT_00029970	undefined4	4
DATA	00029974	DAT_00029974	undefined4	4
DATA	00029978	DAT_00029978	undefined4	4
DATA	0002997c	DAT_0002997c	undefined4	4
DATA	00029980	DAT_00029980	undefined4	4
DATA	00029984	DAT_00029984	undefined4	4
DATA	00029988	DAT_00029988	undefined4	4
DATA	0002998c	DAT_0002998c	undefined4	4
DATA	00029990	DAT_00029990	undefined4	4
DATA	00029994	DAT_00029994	undefined4	4
DATA	00029998	DAT_00029998	undefined4	4
DATA	0002999c	DAT_0002999c	undefined4	4
DATA	000299a0	DAT_000299a0	undefined4	4
FUNC	000299a4	blockcopy	undefined blockcopy()
FUNC	00029a2c	draw_state_select	undefined draw_state_select()
DATA	00029b3c	DAT_00029b3c	undefined4	4
DATA	00029b40	DAT_00029b40	undefined4	4
FUNC	00029b44	progress	undefined progress()
DATA	00029cb4	DAT_00029cb4	undefined4	4
DATA	00029cb8	DAT_00029cb8	undefined4	4
DATA	00029cbc	DAT_00029cbc	undefined4	4
DATA	00029cc0	DAT_00029cc0	undefined4	4
DATA	00029cc4	DAT_00029cc4	undefined4	4
DATA	00029cc8	DAT_00029cc8	undefined4	4
DATA	00029ccc	DAT_00029ccc	undefined4	4
DATA	00029cd0	DAT_00029cd0	undefined4	4
DATA	00029cd4	DAT_00029cd4	undefined4	4
DATA	00029cd8	DAT_00029cd8	undefined4	4
DATA	00029cdc	DAT_00029cdc	undefined4	4
DATA	00029ce0	DAT_00029ce0	undefined4	4
FUNC	00029ce4	spi_memcpy	undefined spi_memcpy()
FUNC	00029ce8	InitScr	undefined InitScr()
DATA	00029d38	DAT_00029d38	undefined4	4
DATA	00029d3c	DAT_00029d3c	undefined4	4
DATA	00029d40	DAT_00029d40	undefined4	4
DATA	00029d44	DAT_00029d44	undefined4	4
FUNC	00029d48	GetJoystickConfig	undefined GetJoystickConfig()
DATA	00029ff8	DAT_00029ff8	undefined4	4
DATA	00029ffc	DAT_00029ffc	undefined4	4
DATA	0002a000	DAT_0002a000	undefined4	4
DATA	0002a004	DAT_0002a004	undefined4	4
DATA	0002a008	DAT_0002a008	undefined4	4
FUNC	0002a00c	JoystickTest	undefined JoystickTest()
DATA	0002b008	DAT_0002b008	undefined4	4
DATA	0002b00c	DAT_0002b00c	undefined4	4
DATA	0002b010	DAT_0002b010	undefined4	4
DATA	0002b014	DAT_0002b014	undefined4	4
DATA	0002b018	DAT_0002b018	undefined4	4
DATA	0002b01c	DAT_0002b01c	undefined4	4
DATA	0002b020	DAT_0002b020	undefined4	4
DATA	0002b024	DAT_0002b024	undefined4	4
DATA	0002b028	DAT_0002b028	undefined4	4
DATA	0002b02c	DAT_0002b02c	undefined4	4
DATA	0002b030	DAT_0002b030	undefined4	4
DATA	0002b034	DAT_0002b034	undefined4	4
DATA	0002b038	DAT_0002b038	undefined4	4
DATA	0002b03c	DAT_0002b03c	undefined4	4
DATA	0002b040	DAT_0002b040	undefined4	4
DATA	0002b044	DAT_0002b044	undefined4	4
DATA	0002b048	DAT_0002b048	undefined4	4
DATA	0002b04c	DAT_0002b04c	undefined4	4
DATA	0002b050	DAT_0002b050	undefined4	4
DATA	0002b054	DAT_0002b054	undefined4	4
DATA	0002b058	DAT_0002b058	undefined4	4
DATA	0002b05c	DAT_0002b05c	undefined4	4
DATA	0002b060	DAT_0002b060	undefined4	4
DATA	0002b064	DAT_0002b064	undefined4	4
DATA	0002b068	DAT_0002b068	undefined4	4
DATA	0002b06c	DAT_0002b06c	undefined4	4
DATA	0002b070	DAT_0002b070	undefined4	4
DATA	0002b074	DAT_0002b074	undefined4	4
DATA	0002b078	DAT_0002b078	undefined4	4
DATA	0002b07c	DAT_0002b07c	undefined4	4
DATA	0002b080	DAT_0002b080	undefined4	4
DATA	0002b084	DAT_0002b084	undefined4	4
DATA	0002b088	DAT_0002b088	undefined4	4
DATA	0002b08c	DAT_0002b08c	undefined4	4
DATA	0002b090	DAT_0002b090	undefined4	4
DATA	0002b094	DAT_0002b094	undefined4	4
DATA	0002b098	DAT_0002b098	undefined4	4
DATA	0002b09c	DAT_0002b09c	undefined4	4
DATA	0002b0a0	DAT_0002b0a0	undefined4	4
DATA	0002b0a4	DAT_0002b0a4	undefined4	4
DATA	0002b0a8	DAT_0002b0a8	undefined4	4
DATA	0002b0ac	DAT_0002b0ac	undefined4	4
DATA	0002b0b0	DAT_0002b0b0	undefined4	4
DATA	0002b0b4	DAT_0002b0b4	undefined4	4
DATA	0002b0b8	DAT_0002b0b8	undefined4	4
DATA	0002b0bc	DAT_0002b0bc	undefined4	4
DATA	0002b0c0	DAT_0002b0c0	undefined4	4
DATA	0002b0c4	DAT_0002b0c4	undefined4	4
DATA	0002b0c8	DAT_0002b0c8	undefined4	4
DATA	0002b0cc	DAT_0002b0cc	undefined4	4
DATA	0002b0d0	DAT_0002b0d0	undefined4	4
DATA	0002b0d4	DAT_0002b0d4	undefined4	4
DATA	0002b0d8	DAT_0002b0d8	undefined4	4
DATA	0002b0dc	DAT_0002b0dc	undefined4	4
DATA	0002b0e0	DAT_0002b0e0	undefined4	4
DATA	0002b0e4	DAT_0002b0e4	undefined4	4
DATA	0002b0e8	DAT_0002b0e8	undefined4	4
DATA	0002b0ec	DAT_0002b0ec	undefined4	4
DATA	0002b0f0	DAT_0002b0f0	undefined4	4
DATA	0002b0f4	DAT_0002b0f4	undefined4	4
DATA	0002b0f8	DAT_0002b0f8	undefined4	4
DATA	0002b0fc	DAT_0002b0fc	undefined4	4
DATA	0002b100	DAT_0002b100	undefined4	4
DATA	0002b104	DAT_0002b104	undefined4	4
DATA	0002b108	DAT_0002b108	undefined4	4
DATA	0002b10c	DAT_0002b10c	undefined4	4
DATA	0002b110	DAT_0002b110	undefined4	4
DATA	0002b114	DAT_0002b114	undefined4	4
DATA	0002b118	DAT_0002b118	undefined4	4
DATA	0002b11c	DAT_0002b11c	undefined4	4
DATA	0002b120	DAT_0002b120	undefined4	4
DATA	0002b124	DAT_0002b124	undefined4	4
DATA	0002b128	DAT_0002b128	undefined4	4
DATA	0002b12c	DAT_0002b12c	undefined4	4
DATA	0002b130	DAT_0002b130	undefined4	4
FUNC	0002b2b4	mui_setting	undefined mui_setting()
DATA	0002c2ac	DAT_0002c2ac	undefined4	4
DATA	0002c2b0	DAT_0002c2b0	undefined4	4
DATA	0002c2b4	DAT_0002c2b4	undefined4	4
DATA	0002c2b8	DAT_0002c2b8	undefined4	4
DATA	0002c2bc	DAT_0002c2bc	undefined4	4
DATA	0002c2c0	DAT_0002c2c0	undefined4	4
DATA	0002c2c4	DAT_0002c2c4	undefined4	4
DATA	0002c2c8	DAT_0002c2c8	undefined4	4
DATA	0002c2cc	DAT_0002c2cc	undefined4	4
DATA	0002c2d0	DAT_0002c2d0	undefined4	4
DATA	0002c2d4	DAT_0002c2d4	undefined4	4
DATA	0002c2d8	DAT_0002c2d8	undefined4	4
DATA	0002c2dc	DAT_0002c2dc	undefined4	4
DATA	0002c2e0	DAT_0002c2e0	undefined4	4
DATA	0002c2e4	DAT_0002c2e4	undefined4	4
DATA	0002c2e8	DAT_0002c2e8	undefined4	4
DATA	0002c2ec	DAT_0002c2ec	undefined4	4
DATA	0002c2f0	DAT_0002c2f0	undefined4	4
DATA	0002c2f4	DAT_0002c2f4	undefined4	4
DATA	0002c2f8	DAT_0002c2f8	undefined4	4
DATA	0002c2fc	DAT_0002c2fc	undefined4	4
DATA	0002c300	DAT_0002c300	undefined4	4
DATA	0002c304	DAT_0002c304	undefined4	4
DATA	0002c308	DAT_0002c308	undefined4	4
DATA	0002c30c	DAT_0002c30c	undefined4	4
DATA	0002c310	DAT_0002c310	undefined4	4
DATA	0002c314	DAT_0002c314	undefined4	4
DATA	0002c318	DAT_0002c318	undefined4	4
DATA	0002c31c	DAT_0002c31c	undefined4	4
DATA	0002c320	DAT_0002c320	undefined4	4
DATA	0002c324	DAT_0002c324	undefined4	4
DATA	0002c328	DAT_0002c328	undefined4	4
DATA	0002c32c	DAT_0002c32c	undefined4	4
DATA	0002c330	DAT_0002c330	undefined4	4
DATA	0002c334	DAT_0002c334	undefined4	4
DATA	0002c338	DAT_0002c338	undefined4	4
DATA	0002c33c	DAT_0002c33c	undefined4	4
DATA	0002c340	DAT_0002c340	undefined4	4
DATA	0002c344	DAT_0002c344	undefined4	4
DATA	0002c348	DAT_0002c348	undefined4	4
DATA	0002c34c	DAT_0002c34c	undefined4	4
DATA	0002c350	DAT_0002c350	undefined4	4
DATA	0002c354	DAT_0002c354	undefined4	4
DATA	0002c358	DAT_0002c358	undefined4	4
DATA	0002c35c	DAT_0002c35c	undefined4	4
DATA	0002c360	DAT_0002c360	undefined4	4
DATA	0002c364	DAT_0002c364	undefined4	4
DATA	0002c368	DAT_0002c368	undefined4	4
DATA	0002c36c	DAT_0002c36c	undefined4	4
DATA	0002c370	DAT_0002c370	undefined4	4
DATA	0002c374	DAT_0002c374	undefined4	4
DATA	0002c378	DAT_0002c378	undefined4	4
DATA	0002c37c	DAT_0002c37c	undefined4	4
DATA	0002c380	DAT_0002c380	undefined4	4
DATA	0002c384	DAT_0002c384	undefined4	4
DATA	0002c388	DAT_0002c388	undefined4	4
DATA	0002c38c	DAT_0002c38c	undefined4	4
DATA	0002c390	DAT_0002c390	undefined4	4
DATA	0002c394	DAT_0002c394	undefined4	4
DATA	0002c398	DAT_0002c398	undefined4	4
DATA	0002c39c	DAT_0002c39c	undefined4	4
DATA	0002c3a0	DAT_0002c3a0	undefined4	4
DATA	0002c3a4	DAT_0002c3a4	undefined4	4
DATA	0002c3a8	DAT_0002c3a8	undefined4	4
DATA	0002c3ac	DAT_0002c3ac	undefined4	4
DATA	0002c3b0	DAT_0002c3b0	undefined4	4
DATA	0002c3b4	DAT_0002c3b4	undefined4	4
DATA	0002c3b8	DAT_0002c3b8	undefined4	4
DATA	0002c3bc	DAT_0002c3bc	undefined4	4
DATA	0002c3c0	DAT_0002c3c0	undefined4	4
DATA	0002c3c4	DAT_0002c3c4	undefined4	4
DATA	0002c3c8	DAT_0002c3c8	undefined4	4
DATA	0002c3cc	DAT_0002c3cc	undefined4	4
DATA	0002c3d0	DAT_0002c3d0	undefined4	4
DATA	0002c3d4	DAT_0002c3d4	undefined4	4
DATA	0002c3d8	DAT_0002c3d8	undefined4	4
DATA	0002c3dc	DAT_0002c3dc	undefined4	4
DATA	0002c3e0	DAT_0002c3e0	undefined4	4
DATA	0002c3e4	DAT_0002c3e4	undefined4	4
DATA	0002c3e8	DAT_0002c3e8	undefined4	4
DATA	0002c3ec	DAT_0002c3ec	undefined4	4
DATA	0002c3f0	DAT_0002c3f0	undefined4	4
DATA	0002c3f4	DAT_0002c3f4	undefined4	4
DATA	0002c3f8	DAT_0002c3f8	undefined4	4
DATA	0002c3fc	DAT_0002c3fc	undefined4	4
DATA	0002c400	DAT_0002c400	undefined4	4
DATA	0002c404	DAT_0002c404	undefined4	4
DATA	0002c408	DAT_0002c408	undefined4	4
DATA	0002c40c	DAT_0002c40c	undefined4	4
DATA	0002c410	DAT_0002c410	undefined4	4
DATA	0002c414	DAT_0002c414	undefined4	4
DATA	0002c418	DAT_0002c418	undefined4	4
DATA	0002c41c	DAT_0002c41c	undefined4	4
DATA	0002c420	DAT_0002c420	undefined4	4
DATA	0002c424	DAT_0002c424	undefined4	4
DATA	0002c428	DAT_0002c428	undefined4	4
DATA	0002c42c	DAT_0002c42c	undefined4	4
DATA	0002c430	DAT_0002c430	undefined4	4
DATA	0002c434	DAT_0002c434	undefined4	4
DATA	0002c438	DAT_0002c438	undefined4	4
DATA	0002c43c	DAT_0002c43c	undefined4	4
DATA	0002c440	DAT_0002c440	undefined4	4
DATA	0002c444	DAT_0002c444	undefined4	4
DATA	0002c448	DAT_0002c448	undefined4	4
DATA	0002c44c	DAT_0002c44c	undefined4	4
DATA	0002c450	DAT_0002c450	undefined4	4
DATA	0002c454	DAT_0002c454	undefined4	4
DATA	0002c458	DAT_0002c458	undefined4	4
DATA	0002c45c	DAT_0002c45c	undefined4	4
DATA	0002c460	DAT_0002c460	undefined4	4
DATA	0002c464	DAT_0002c464	undefined4	4
DATA	0002c468	DAT_0002c468	undefined4	4
DATA	0002c46c	DAT_0002c46c	undefined4	4
DATA	0002c470	DAT_0002c470	undefined4	4
DATA	0002c474	DAT_0002c474	undefined4	4
DATA	0002c478	DAT_0002c478	undefined4	4
DATA	0002c47c	DAT_0002c47c	undefined4	4
DATA	0002c480	DAT_0002c480	undefined4	4
DATA	0002c484	DAT_0002c484	undefined4	4
DATA	0002c488	DAT_0002c488	undefined4	4
DATA	0002c48c	DAT_0002c48c	undefined4	4
DATA	0002c490	DAT_0002c490	undefined4	4
DATA	0002c494	DAT_0002c494	undefined4	4
DATA	0002c498	DAT_0002c498	undefined4	4
DATA	0002c49c	DAT_0002c49c	undefined4	4
DATA	0002c4a0	DAT_0002c4a0	undefined4	4
DATA	0002c4a4	DAT_0002c4a4	undefined4	4
DATA	0002c4a8	DAT_0002c4a8	undefined4	4
DATA	0002c4ac	DAT_0002c4ac	undefined4	4
DATA	0002c4b0	DAT_0002c4b0	undefined4	4
DATA	0002c4b4	DAT_0002c4b4	undefined4	4
DATA	0002c4b8	DAT_0002c4b8	undefined4	4
DATA	0002c4bc	DAT_0002c4bc	undefined4	4
DATA	0002c4c0	DAT_0002c4c0	undefined4	4
DATA	0002c4c4	DAT_0002c4c4	undefined4	4
DATA	0002c4c8	DAT_0002c4c8	undefined4	4
DATA	0002c4cc	DAT_0002c4cc	undefined4	4
DATA	0002c4d0	DAT_0002c4d0	undefined4	4
DATA	0002c4d4	DAT_0002c4d4	undefined4	4
DATA	0002c4d8	DAT_0002c4d8	undefined4	4
DATA	0002c4dc	DAT_0002c4dc	undefined4	4
DATA	0002c4e0	DAT_0002c4e0	undefined4	4
DATA	0002c4e4	DAT_0002c4e4	undefined4	4
DATA	0002c4e8	DAT_0002c4e8	undefined4	4
DATA	0002c4ec	DAT_0002c4ec	undefined4	4
DATA	0002c4f0	DAT_0002c4f0	undefined4	4
DATA	0002c4f4	DAT_0002c4f4	undefined4	4
DATA	0002c4f8	DAT_0002c4f8	undefined4	4
DATA	0002c4fc	DAT_0002c4fc	undefined4	4
FUNC	0002ce6c	main_Menu	undefined main_Menu()
DATA	0002d088	DAT_0002d088	undefined4	4
DATA	0002d08c	DAT_0002d08c	undefined4	4
DATA	0002d090	DAT_0002d090	undefined4	4
DATA	0002d094	DAT_0002d094	undefined4	4
DATA	0002d098	DAT_0002d098	undefined4	4
DATA	0002d09c	DAT_0002d09c	undefined4	4
DATA	0002d0a0	DAT_0002d0a0	undefined4	4
DATA	0002d0a4	DAT_0002d0a4	undefined4	4
DATA	0002d0a8	DAT_0002d0a8	undefined4	4
DATA	0002d0ac	DAT_0002d0ac	undefined4	4
DATA	0002d0b0	DAT_0002d0b0	undefined4	4
DATA	0002d0b4	DAT_0002d0b4	undefined4	4
DATA	0002d0b8	DAT_0002d0b8	undefined4	4
DATA	0002d0bc	DAT_0002d0bc	undefined4	4
DATA	0002d0c0	DAT_0002d0c0	undefined4	4
DATA	0002d0c4	DAT_0002d0c4	undefined4	4
DATA	0002d0c8	DAT_0002d0c8	undefined4	4
DATA	0002d0cc	DAT_0002d0cc	undefined4	4
DATA	0002d0d0	DAT_0002d0d0	undefined4	4
FUNC	0002d0d4	mui_joystick_setting	undefined mui_joystick_setting()
DATA	0002df38	DAT_0002df38	undefined4	4
DATA	0002df3c	DAT_0002df3c	undefined4	4
DATA	0002df40	DAT_0002df40	undefined4	4
DATA	0002df44	DAT_0002df44	undefined4	4
DATA	0002df48	DAT_0002df48	undefined4	4
DATA	0002df4c	DAT_0002df4c	undefined4	4
DATA	0002df50	DAT_0002df50	undefined4	4
DATA	0002df54	DAT_0002df54	undefined4	4
DATA	0002df58	DAT_0002df58	undefined4	4
DATA	0002df5c	DAT_0002df5c	undefined4	4
DATA	0002df60	DAT_0002df60	undefined4	4
DATA	0002df64	DAT_0002df64	undefined4	4
DATA	0002df68	DAT_0002df68	undefined4	4
DATA	0002df6c	DAT_0002df6c	undefined4	4
DATA	0002df70	DAT_0002df70	undefined4	4
DATA	0002df74	DAT_0002df74	undefined4	4
DATA	0002df78	DAT_0002df78	undefined4	4
DATA	0002df7c	DAT_0002df7c	undefined4	4
DATA	0002df80	DAT_0002df80	undefined4	4
DATA	0002df84	DAT_0002df84	undefined4	4
DATA	0002df88	DAT_0002df88	undefined4	4
DATA	0002df8c	DAT_0002df8c	undefined4	4
DATA	0002df90	DAT_0002df90	undefined4	4
DATA	0002df94	DAT_0002df94	undefined4	4
DATA	0002df98	DAT_0002df98	undefined4	4
DATA	0002df9c	DAT_0002df9c	undefined4	4
DATA	0002dfa0	DAT_0002dfa0	undefined4	4
DATA	0002dfa4	DAT_0002dfa4	undefined4	4
DATA	0002dfa8	DAT_0002dfa8	undefined4	4
DATA	0002dfac	DAT_0002dfac	undefined4	4
DATA	0002dfb0	DAT_0002dfb0	undefined4	4
DATA	0002dfb4	DAT_0002dfb4	undefined4	4
DATA	0002dfb8	DAT_0002dfb8	undefined4	4
DATA	0002dfbc	DAT_0002dfbc	undefined4	4
DATA	0002dfc0	DAT_0002dfc0	undefined4	4
DATA	0002dfc4	DAT_0002dfc4	undefined4	4
DATA	0002dfc8	DAT_0002dfc8	undefined4	4
DATA	0002dfcc	DAT_0002dfcc	undefined4	4
DATA	0002dfd0	DAT_0002dfd0	undefined4	4
DATA	0002dfd4	DAT_0002dfd4	undefined4	4
DATA	0002dfd8	DAT_0002dfd8	undefined4	4
DATA	0002dfdc	DAT_0002dfdc	undefined4	4
DATA	0002dfe0	DAT_0002dfe0	undefined4	4
DATA	0002dfe4	DAT_0002dfe4	undefined4	4
DATA	0002dfe8	DAT_0002dfe8	undefined4	4
DATA	0002dfec	DAT_0002dfec	undefined4	4
DATA	0002dff0	DAT_0002dff0	undefined4	4
DATA	0002dff4	DAT_0002dff4	undefined4	4
DATA	0002dff8	DAT_0002dff8	undefined4	4
DATA	0002dffc	DAT_0002dffc	undefined4	4
DATA	0002e000	DAT_0002e000	undefined4	4
DATA	0002e004	DAT_0002e004	undefined4	4
DATA	0002e008	DAT_0002e008	undefined4	4
DATA	0002e00c	DAT_0002e00c	undefined4	4
DATA	0002e010	DAT_0002e010	undefined4	4
DATA	0002e014	DAT_0002e014	undefined4	4
DATA	0002e018	DAT_0002e018	undefined4	4
DATA	0002e01c	DAT_0002e01c	undefined4	4
DATA	0002e020	DAT_0002e020	undefined4	4
DATA	0002e024	DAT_0002e024	undefined4	4
DATA	0002e028	DAT_0002e028	undefined4	4
DATA	0002e02c	DAT_0002e02c	undefined4	4
DATA	0002e030	DAT_0002e030	undefined4	4
DATA	0002e034	DAT_0002e034	undefined4	4
DATA	0002e038	DAT_0002e038	undefined4	4
DATA	0002e03c	DAT_0002e03c	undefined4	4
FUNC	0002e040	mui_video_setting	undefined mui_video_setting()
DATA	0002ea38	DAT_0002ea38	undefined4	4
DATA	0002ea3c	DAT_0002ea3c	undefined4	4
DATA	0002ea40	DAT_0002ea40	undefined4	4
DATA	0002ea44	DAT_0002ea44	undefined4	4
DATA	0002ea48	DAT_0002ea48	undefined4	4
DATA	0002ea4c	DAT_0002ea4c	undefined4	4
DATA	0002ea50	DAT_0002ea50	undefined4	4
DATA	0002ea54	DAT_0002ea54	undefined4	4
DATA	0002ea58	DAT_0002ea58	undefined4	4
DATA	0002ea5c	DAT_0002ea5c	undefined4	4
DATA	0002ea60	DAT_0002ea60	undefined4	4
DATA	0002ea64	DAT_0002ea64	undefined4	4
DATA	0002ea68	DAT_0002ea68	undefined4	4
DATA	0002ea6c	DAT_0002ea6c	undefined4	4
DATA	0002ea70	DAT_0002ea70	undefined4	4
DATA	0002ea74	DAT_0002ea74	undefined4	4
DATA	0002ea78	DAT_0002ea78	undefined4	4
DATA	0002ea7c	DAT_0002ea7c	undefined4	4
DATA	0002ea80	DAT_0002ea80	undefined4	4
DATA	0002ea84	DAT_0002ea84	undefined4	4
DATA	0002ea88	DAT_0002ea88	undefined4	4
DATA	0002ea8c	DAT_0002ea8c	undefined4	4
DATA	0002ea90	DAT_0002ea90	undefined4	4
DATA	0002ea94	DAT_0002ea94	undefined4	4
DATA	0002ea98	DAT_0002ea98	undefined4	4
DATA	0002ea9c	DAT_0002ea9c	undefined4	4
DATA	0002eaa0	DAT_0002eaa0	undefined4	4
DATA	0002eaa4	DAT_0002eaa4	undefined4	4
DATA	0002eaa8	DAT_0002eaa8	undefined4	4
DATA	0002eaac	DAT_0002eaac	undefined4	4
DATA	0002eab0	DAT_0002eab0	undefined4	4
DATA	0002eab4	DAT_0002eab4	undefined4	4
DATA	0002eab8	DAT_0002eab8	undefined4	4
DATA	0002eabc	DAT_0002eabc	undefined4	4
DATA	0002eac0	DAT_0002eac0	undefined4	4
DATA	0002eac4	DAT_0002eac4	undefined4	4
FUNC	0002eac8	mui_load_state	undefined mui_load_state()
DATA	0002f2ac	DAT_0002f2ac	undefined4	4
DATA	0002f2b0	DAT_0002f2b0	undefined4	4
DATA	0002f2b4	DAT_0002f2b4	undefined4	4
DATA	0002f2b8	DAT_0002f2b8	undefined4	4
DATA	0002f2bc	DAT_0002f2bc	undefined4	4
DATA	0002f2c0	DAT_0002f2c0	undefined4	4
DATA	0002f2c4	DAT_0002f2c4	undefined4	4
DATA	0002f2c8	DAT_0002f2c8	undefined4	4
DATA	0002f2cc	DAT_0002f2cc	undefined4	4
DATA	0002f2d0	DAT_0002f2d0	undefined4	4
DATA	0002f2d4	DAT_0002f2d4	undefined4	4
DATA	0002f2d8	DAT_0002f2d8	undefined4	4
DATA	0002f2dc	DAT_0002f2dc	undefined4	4
DATA	0002f2e0	DAT_0002f2e0	undefined4	4
DATA	0002f2e4	DAT_0002f2e4	undefined4	4
DATA	0002f2e8	DAT_0002f2e8	undefined4	4
DATA	0002f2ec	DAT_0002f2ec	undefined4	4
DATA	0002f2f0	DAT_0002f2f0	undefined4	4
DATA	0002f2f4	DAT_0002f2f4	undefined4	4
DATA	0002f2f8	DAT_0002f2f8	undefined4	4
DATA	0002f2fc	DAT_0002f2fc	undefined4	4
DATA	0002f300	DAT_0002f300	undefined4	4
DATA	0002f304	DAT_0002f304	undefined4	4
DATA	0002f308	DAT_0002f308	undefined4	4
DATA	0002f30c	DAT_0002f30c	undefined4	4
DATA	0002f310	DAT_0002f310	undefined4	4
DATA	0002f314	DAT_0002f314	undefined4	4
DATA	0002f318	DAT_0002f318	undefined4	4
DATA	0002f31c	DAT_0002f31c	undefined4	4
FUNC	0002f320	mui_save_state	undefined mui_save_state()
DATA	0002fdb0	DAT_0002fdb0	undefined4	4
DATA	0002fdb4	DAT_0002fdb4	undefined4	4
DATA	0002fdb8	DAT_0002fdb8	undefined4	4
DATA	0002fdbc	DAT_0002fdbc	undefined4	4
DATA	0002fdc0	DAT_0002fdc0	undefined4	4
DATA	0002fdc4	DAT_0002fdc4	undefined4	4
DATA	0002fdc8	DAT_0002fdc8	undefined4	4
DATA	0002fdcc	DAT_0002fdcc	undefined4	4
DATA	0002fdd0	DAT_0002fdd0	undefined4	4
DATA	0002fdd4	DAT_0002fdd4	undefined4	4
DATA	0002fdd8	DAT_0002fdd8	undefined4	4
DATA	0002fddc	DAT_0002fddc	undefined4	4
DATA	0002fde0	DAT_0002fde0	undefined4	4
DATA	0002fde4	DAT_0002fde4	undefined4	4
DATA	0002fde8	DAT_0002fde8	undefined4	4
DATA	0002fdec	DAT_0002fdec	undefined4	4
DATA	0002fdf0	DAT_0002fdf0	undefined4	4
DATA	0002fdf4	DAT_0002fdf4	undefined4	4
DATA	0002fdf8	DAT_0002fdf8	undefined4	4
DATA	0002fdfc	DAT_0002fdfc	undefined4	4
DATA	0002fe00	DAT_0002fe00	undefined4	4
DATA	0002fe04	DAT_0002fe04	undefined4	4
DATA	0002fe08	DAT_0002fe08	undefined4	4
DATA	0002fe0c	DAT_0002fe0c	undefined4	4
DATA	0002fe10	DAT_0002fe10	undefined4	4
DATA	0002fe14	DAT_0002fe14	undefined4	4
DATA	0002fe18	DAT_0002fe18	undefined4	4
DATA	0002fe1c	DAT_0002fe1c	undefined4	4
DATA	0002fe20	DAT_0002fe20	undefined4	4
DATA	0002fe24	DAT_0002fe24	undefined4	4
DATA	0002fe28	DAT_0002fe28	undefined4	4
DATA	0002fe2c	DAT_0002fe2c	undefined4	4
DATA	0002fe30	DAT_0002fe30	undefined4	4
DATA	0002fe34	DAT_0002fe34	undefined4	4
DATA	0002fe38	DAT_0002fe38	undefined4	4
DATA	0002fe3c	DAT_0002fe3c	undefined4	4
DATA	0002fe40	DAT_0002fe40	undefined4	4
FUNC	0002fe44	mui_game_exit	undefined mui_game_exit()
DATA	0002ff70	DAT_0002ff70	undefined4	4
DATA	0002ff74	DAT_0002ff74	undefined4	4
DATA	0002ff78	DAT_0002ff78	undefined4	4
DATA	0002ff7c	DAT_0002ff7c	undefined4	4
DATA	0002ff80	DAT_0002ff80	undefined4	4
DATA	0002ff84	DAT_0002ff84	undefined4	4
DATA	0002ff88	DAT_0002ff88	undefined4	4
FUNC	0002ff8c	PauseMenu	undefined PauseMenu()
DATA	000305a8	DAT_000305a8	undefined4	4
DATA	000305ac	DAT_000305ac	undefined4	4
DATA	000305b0	DAT_000305b0	undefined4	4
DATA	000305b4	DAT_000305b4	undefined4	4
DATA	000305b8	DAT_000305b8	undefined4	4
DATA	000305bc	DAT_000305bc	undefined4	4
DATA	000305c0	DAT_000305c0	undefined4	4
DATA	000305c4	DAT_000305c4	undefined4	4
DATA	000305c8	DAT_000305c8	undefined4	4
DATA	000305cc	DAT_000305cc	undefined4	4
DATA	000305d0	DAT_000305d0	undefined4	4
DATA	000305d4	DAT_000305d4	undefined4	4
DATA	000305d8	DAT_000305d8	undefined4	4
DATA	000305dc	DAT_000305dc	undefined4	4
DATA	000305e0	DAT_000305e0	undefined4	4
DATA	000305e4	DAT_000305e4	undefined4	4
DATA	000305e8	DAT_000305e8	undefined4	4
DATA	000305ec	DAT_000305ec	undefined4	4
DATA	000305f0	__MenuMusic1	undefined1	1
DATA	0007f813	DAT_0007f813	undefined4	4
FUNC	00095132	FUN_00095132	undefined FUN_00095132()
DATA	0029c6c2	__MenuMusic1End	undefined1	1
DATA	0029c6d0	__Effect1	undefined1	1
DATA	0029c6d0	__SelectGameSound	undefined1	1
DATA	002a0082	__SelectGameSoundEnd	undefined1	1
DATA	002a0090	__SelectModeSound	undefined1	1
DATA	002a2d4a	__SelectModeSoundEnd	undefined1	1
DATA	002a2d50	__DialogboxSound	undefined1	1
DATA	002a6f80	__DialogboxSoundEnd	undefined1	1
DATA	002a6f80	__PressYesNoSound	undefined1	1
DATA	002a86a2	__PressYesNoSoundEnd	undefined1	1
DATA	002a86b0	__MoveYesNoSound	undefined1	1
DATA	002a9760	__MoveYesNoSoundEnd	undefined1	1
DATA	002a9760	__ErrorSound	undefined1	1
FUNC	002ac088	__ErrorSoundEnd	undefined __ErrorSoundEnd()
DATA	002ac090	__SetKeySound	undefined1	1
DATA	002ae986	__SetKeySoundEnd	undefined1	1
DATA	002ae990	__SetTruboSound	undefined1	1
FUNC	002b4d5c	__SetTruboSoundEnd	undefined __SetTruboSoundEnd()
FUNC	002b4d60	joystick_poll	undefined joystick_poll()
FUNC	002b4d64	PlayFrame	undefined PlayFrame()
DATA	002b4e10	DAT_002b4e10	undefined4	4
DATA	002b4e14	DAT_002b4e14	undefined4	4
DATA	002b4e18	DAT_002b4e18	undefined4	4
DATA	002b4e1c	DAT_002b4e1c	undefined4	4
FUNC	002b4e20	gpsp_unzip	undefined gpsp_unzip()
DATA	002b4f04	DAT_002b4f04	undefined4	4
DATA	002b4f08	DAT_002b4f08	undefined4	4
DATA	002b4f0c	DAT_002b4f0c	undefined4	4
DATA	002b4f10	DAT_002b4f10	undefined4	4
FUNC	002b4f14	log_dummy	undefined log_dummy()
FUNC	002b4f48	joystick_input	undefined joystick_input()
DATA	002b4f8c	DAT_002b4f8c	undefined4	4
DATA	002b4f90	DAT_002b4f90	undefined4	4
DATA	002b4f94	DAT_002b4f94	undefined4	4
FUNC	002b4f98	environment	undefined environment()
DATA	002b5174	DAT_002b5174	undefined4	4
DATA	002b5178	DAT_002b5178	undefined4	4
DATA	002b517c	DAT_002b517c	undefined4	4
DATA	002b5180	DAT_002b5180	undefined4	4
DATA	002b5184	DAT_002b5184	undefined4	4
DATA	002b5188	DAT_002b5188	undefined4	4
DATA	002b518c	DAT_002b518c	undefined4	4
DATA	002b5190	DAT_002b5190	undefined4	4
DATA	002b5194	DAT_002b5194	undefined4	4
DATA	002b5198	DAT_002b5198	undefined4	4
DATA	002b519c	DAT_002b519c	undefined4	4
DATA	002b51a0	DAT_002b51a0	undefined4	4
DATA	002b51a4	DAT_002b51a4	undefined4	4
FUNC	002b51a8	UIDebug	undefined UIDebug()
DATA	002b537c	DAT_002b537c	undefined4	4
DATA	002b5380	DAT_002b5380	undefined4	4
DATA	002b5384	DAT_002b5384	undefined4	4
DATA	002b5388	DAT_002b5388	undefined4	4
DATA	002b538c	DAT_002b538c	undefined4	4
DATA	002b5390	DAT_002b5390	undefined4	4
DATA	002b5394	DAT_002b5394	undefined4	4
DATA	002b5398	DAT_002b5398	undefined4	4
DATA	002b539c	DAT_002b539c	undefined4	4
DATA	002b53a0	DAT_002b53a0	undefined4	4
DATA	002b53a4	DAT_002b53a4	undefined4	4
FUNC	002b53a8	DrawFrame	undefined DrawFrame()
DATA	002b55b0	DAT_002b55b0	undefined4	4
DATA	002b55b4	DAT_002b55b4	undefined4	4
DATA	002b55b8	DAT_002b55b8	undefined4	4
DATA	002b55bc	DAT_002b55bc	undefined4	4
DATA	002b55c0	DAT_002b55c0	undefined4	4
DATA	002b55c4	DAT_002b55c4	undefined4	4
DATA	002b55c8	DAT_002b55c8	undefined4	4
DATA	002b55cc	DAT_002b55cc	undefined4	4
FUNC	002b55d0	rgb8888_to_rgb565	undefined rgb8888_to_rgb565()
FUNC	002b5624	GetCoreIndex	undefined GetCoreIndex()
DATA	002b56ac	DAT_002b56ac	undefined4	4
DATA	002b56b0	DAT_002b56b0	undefined4	4
DATA	002b56b4	DAT_002b56b4	undefined4	4
FUNC	002b56b8	GetFilenameExt	undefined GetFilenameExt()
FUNC	002b5714	extract_basepath	undefined extract_basepath()
FUNC	002b576c	init_user_joy_key_mask	undefined init_user_joy_key_mask()
DATA	002b58a8	DAT_002b58a8	undefined4	4
DATA	002b58ac	DAT_002b58ac	undefined4	4
DATA	002b58b0	DAT_002b58b0	undefined4	4
DATA	002b58b4	DAT_002b58b4	undefined4	4
DATA	002b58b8	DAT_002b58b8	undefined4	4
DATA	002b58bc	DAT_002b58bc	undefined4	4
FUNC	002b58c0	TurboKeyProcess	undefined TurboKeyProcess()
DATA	002b59a0	DAT_002b59a0	undefined4	4
DATA	002b59a4	DAT_002b59a4	undefined4	4
DATA	002b59a8	DAT_002b59a8	undefined4	4
DATA	002b59ac	DAT_002b59ac	undefined4	4
DATA	002b59b0	DAT_002b59b0	undefined4	4
DATA	002b59b4	DAT_002b59b4	undefined4	4
DATA	002b59b8	DAT_002b59b8	undefined4	4
FUNC	002b59bc	run_process	undefined run_process()
DATA	002b5a38	DAT_002b5a38	undefined4	4
DATA	002b5a3c	DAT_002b5a3c	undefined4	4
DATA	002b5a40	DAT_002b5a40	undefined4	4
DATA	002b5a44	DAT_002b5a44	undefined4	4
FUNC	002b5a48	RetroInitSound	undefined RetroInitSound()
FUNC	002b5a4c	Load_Proc1	undefined Load_Proc1()
DATA	002b5bb8	DAT_002b5bb8	undefined4	4
DATA	002b5bbc	DAT_002b5bbc	undefined4	4
DATA	002b5bc0	DAT_002b5bc0	undefined4	4
DATA	002b5bc4	DAT_002b5bc4	undefined4	4
DATA	002b5bc8	DAT_002b5bc8	undefined4	4
DATA	002b5bcc	DAT_002b5bcc	undefined4	4
DATA	002b5bd0	DAT_002b5bd0	undefined4	4
DATA	002b5bd4	DAT_002b5bd4	undefined4	4
DATA	002b5bd8	DAT_002b5bd8	undefined4	4
DATA	002b5bdc	DAT_002b5bdc	undefined4	4
DATA	002b5be0	DAT_002b5be0	undefined4	4
DATA	002b5be4	DAT_002b5be4	undefined4	4
DATA	002b5be8	DAT_002b5be8	undefined4	4
DATA	002b5bec	DAT_002b5bec	undefined4	4
DATA	002b5bf0	DAT_002b5bf0	undefined4	4
DATA	002b5bf4	DAT_002b5bf4	undefined4	4
DATA	002b5bf8	DAT_002b5bf8	undefined4	4
DATA	002b5bfc	DAT_002b5bfc	undefined4	4
DATA	002b5c00	DAT_002b5c00	undefined4	4
DATA	002b5c04	DAT_002b5c04	undefined4	4
FUNC	002b5c08	Load_Proc2	undefined Load_Proc2()
DATA	002b60f0	DAT_002b60f0	undefined4	4
DATA	002b60f4	DAT_002b60f4	undefined4	4
DATA	002b60f8	DAT_002b60f8	undefined4	4
DATA	002b60fc	DAT_002b60fc	undefined4	4
DATA	002b6100	DAT_002b6100	undefined4	4
DATA	002b6104	DAT_002b6104	undefined4	4
DATA	002b6108	DAT_002b6108	undefined4	4
DATA	002b610c	DAT_002b610c	undefined4	4
DATA	002b6110	DAT_002b6110	undefined4	4
DATA	002b6114	DAT_002b6114	undefined4	4
DATA	002b6118	DAT_002b6118	undefined4	4
DATA	002b611c	DAT_002b611c	undefined4	4
DATA	002b6120	DAT_002b6120	undefined4	4
DATA	002b6124	DAT_002b6124	undefined4	4
DATA	002b6128	DAT_002b6128	undefined4	4
DATA	002b612c	DAT_002b612c	undefined4	4
DATA	002b6130	DAT_002b6130	undefined4	4
DATA	002b6134	DAT_002b6134	undefined4	4
DATA	002b6138	DAT_002b6138	undefined4	4
DATA	002b613c	DAT_002b613c	undefined4	4
DATA	002b6140	DAT_002b6140	undefined4	4
DATA	002b6144	DAT_002b6144	undefined4	4
DATA	002b6148	DAT_002b6148	undefined4	4
DATA	002b614c	DAT_002b614c	undefined4	4
DATA	002b6150	DAT_002b6150	undefined4	4
DATA	002b6154	DAT_002b6154	undefined4	4
DATA	002b6158	DAT_002b6158	undefined4	4
DATA	002b615c	DAT_002b615c	undefined4	4
DATA	002b6160	DAT_002b6160	undefined4	4
DATA	002b6164	DAT_002b6164	undefined4	4
DATA	002b6168	DAT_002b6168	undefined4	4
FUNC	002b616c	Snes_Load	undefined Snes_Load()
DATA	002b6370	DAT_002b6370	undefined4	4
DATA	002b6374	DAT_002b6374	undefined4	4
DATA	002b6378	DAT_002b6378	undefined4	4
DATA	002b637c	DAT_002b637c	undefined4	4
DATA	002b6380	DAT_002b6380	undefined4	4
DATA	002b6384	DAT_002b6384	undefined4	4
DATA	002b6388	DAT_002b6388	undefined4	4
DATA	002b638c	DAT_002b638c	undefined4	4
DATA	002b6390	DAT_002b6390	undefined4	4
DATA	002b6394	DAT_002b6394	undefined4	4
DATA	002b6398	DAT_002b6398	undefined4	4
DATA	002b639c	DAT_002b639c	undefined4	4
DATA	002b63a0	DAT_002b63a0	undefined4	4
DATA	002b63a4	DAT_002b63a4	undefined4	4
DATA	002b63a8	DAT_002b63a8	undefined4	4
DATA	002b63ac	DAT_002b63ac	undefined4	4
DATA	002b63b0	DAT_002b63b0	undefined4	4
DATA	002b63b4	DAT_002b63b4	undefined4	4
DATA	002b63b8	DAT_002b63b8	undefined4	4
DATA	002b63bc	DAT_002b63bc	undefined4	4
FUNC	002b63c0	TGB_Load	undefined TGB_Load()
DATA	002b65c4	DAT_002b65c4	undefined4	4
DATA	002b65c8	DAT_002b65c8	undefined4	4
DATA	002b65cc	DAT_002b65cc	undefined4	4
DATA	002b65d0	DAT_002b65d0	undefined4	4
DATA	002b65d4	DAT_002b65d4	undefined4	4
DATA	002b65d8	DAT_002b65d8	undefined4	4
DATA	002b65dc	DAT_002b65dc	undefined4	4
DATA	002b65e0	DAT_002b65e0	undefined4	4
DATA	002b65e4	DAT_002b65e4	undefined4	4
DATA	002b65e8	DAT_002b65e8	undefined4	4
DATA	002b65ec	DAT_002b65ec	undefined4	4
DATA	002b65f0	DAT_002b65f0	undefined4	4
DATA	002b65f4	DAT_002b65f4	undefined4	4
DATA	002b65f8	DAT_002b65f8	undefined4	4
DATA	002b65fc	DAT_002b65fc	undefined4	4
DATA	002b6600	DAT_002b6600	undefined4	4
DATA	002b6604	DAT_002b6604	undefined4	4
DATA	002b6608	DAT_002b6608	undefined4	4
DATA	002b660c	DAT_002b660c	undefined4	4
DATA	002b6610	DAT_002b6610	undefined4	4
FUNC	002b6614	prosystem_Load	undefined prosystem_Load()
DATA	002b6818	DAT_002b6818	undefined4	4
DATA	002b681c	DAT_002b681c	undefined4	4
DATA	002b6820	DAT_002b6820	undefined4	4
DATA	002b6824	DAT_002b6824	undefined4	4
DATA	002b6828	DAT_002b6828	undefined4	4
DATA	002b682c	DAT_002b682c	undefined4	4
DATA	002b6830	DAT_002b6830	undefined4	4
DATA	002b6834	DAT_002b6834	undefined4	4
DATA	002b6838	DAT_002b6838	undefined4	4
DATA	002b683c	DAT_002b683c	undefined4	4
DATA	002b6840	DAT_002b6840	undefined4	4
DATA	002b6844	DAT_002b6844	undefined4	4
DATA	002b6848	DAT_002b6848	undefined4	4
DATA	002b684c	DAT_002b684c	undefined4	4
DATA	002b6850	DAT_002b6850	undefined4	4
DATA	002b6854	DAT_002b6854	undefined4	4
DATA	002b6858	DAT_002b6858	undefined4	4
DATA	002b685c	DAT_002b685c	undefined4	4
DATA	002b6860	DAT_002b6860	undefined4	4
DATA	002b6864	DAT_002b6864	undefined4	4
FUNC	002b6868	stella_Load	undefined stella_Load()
DATA	002b6a6c	DAT_002b6a6c	undefined4	4
DATA	002b6a70	DAT_002b6a70	undefined4	4
DATA	002b6a74	DAT_002b6a74	undefined4	4
DATA	002b6a78	DAT_002b6a78	undefined4	4
DATA	002b6a7c	DAT_002b6a7c	undefined4	4
DATA	002b6a80	DAT_002b6a80	undefined4	4
DATA	002b6a84	DAT_002b6a84	undefined4	4
DATA	002b6a88	DAT_002b6a88	undefined4	4
DATA	002b6a8c	DAT_002b6a8c	undefined4	4
DATA	002b6a90	DAT_002b6a90	undefined4	4
DATA	002b6a94	DAT_002b6a94	undefined4	4
DATA	002b6a98	DAT_002b6a98	undefined4	4
DATA	002b6a9c	DAT_002b6a9c	undefined4	4
DATA	002b6aa0	DAT_002b6aa0	undefined4	4
DATA	002b6aa4	DAT_002b6aa4	undefined4	4
DATA	002b6aa8	DAT_002b6aa8	undefined4	4
DATA	002b6aac	DAT_002b6aac	undefined4	4
DATA	002b6ab0	DAT_002b6ab0	undefined4	4
DATA	002b6ab4	DAT_002b6ab4	undefined4	4
DATA	002b6ab8	DAT_002b6ab8	undefined4	4
FUNC	002b6abc	PCSX_Load	undefined PCSX_Load()
DATA	002b6bd8	DAT_002b6bd8	undefined4	4
DATA	002b6bdc	DAT_002b6bdc	undefined4	4
DATA	002b6be0	DAT_002b6be0	undefined4	4
DATA	002b6be4	DAT_002b6be4	undefined4	4
DATA	002b6be8	DAT_002b6be8	undefined4	4
DATA	002b6bec	DAT_002b6bec	undefined4	4
DATA	002b6bf0	DAT_002b6bf0	undefined4	4
DATA	002b6bf4	DAT_002b6bf4	undefined4	4
DATA	002b6bf8	DAT_002b6bf8	undefined4	4
DATA	002b6bfc	DAT_002b6bfc	undefined4	4
DATA	002b6c00	DAT_002b6c00	undefined4	4
DATA	002b6c04	DAT_002b6c04	undefined4	4
DATA	002b6c08	DAT_002b6c08	undefined4	4
DATA	002b6c0c	DAT_002b6c0c	undefined4	4
DATA	002b6c10	DAT_002b6c10	undefined4	4
FUNC	002b6c14	FBA_Load	undefined FBA_Load()
DATA	002b6ed8	DAT_002b6ed8	undefined8	8
DATA	002b6ee0	DAT_002b6ee0	undefined4	4
DATA	002b6ee4	DAT_002b6ee4	undefined4	4
DATA	002b6ee8	DAT_002b6ee8	undefined4	4
DATA	002b6eec	DAT_002b6eec	undefined4	4
DATA	002b6ef0	DAT_002b6ef0	undefined4	4
DATA	002b6ef4	DAT_002b6ef4	undefined4	4
DATA	002b6ef8	DAT_002b6ef8	undefined4	4
DATA	002b6efc	DAT_002b6efc	undefined4	4
DATA	002b6f00	DAT_002b6f00	undefined4	4
DATA	002b6f04	DAT_002b6f04	undefined4	4
DATA	002b6f08	DAT_002b6f08	undefined4	4
DATA	002b6f0c	DAT_002b6f0c	undefined4	4
DATA	002b6f10	DAT_002b6f10	undefined4	4
DATA	002b6f14	DAT_002b6f14	undefined4	4
DATA	002b6f18	DAT_002b6f18	undefined4	4
DATA	002b6f1c	DAT_002b6f1c	undefined4	4
DATA	002b6f20	DAT_002b6f20	undefined4	4
DATA	002b6f24	DAT_002b6f24	undefined4	4
DATA	002b6f28	DAT_002b6f28	undefined4	4
DATA	002b6f2c	DAT_002b6f2c	undefined4	4
DATA	002b6f30	DAT_002b6f30	undefined4	4
DATA	002b6f34	DAT_002b6f34	undefined4	4
DATA	002b6f38	DAT_002b6f38	undefined4	4
DATA	002b6f3c	DAT_002b6f3c	undefined4	4
DATA	002b6f40	DAT_002b6f40	undefined4	4
DATA	002b6f44	DAT_002b6f44	undefined4	4
DATA	002b6f48	DAT_002b6f48	undefined4	4
DATA	002b6f4c	DAT_002b6f4c	undefined4	4
DATA	002b6f50	DAT_002b6f50	undefined4	4
DATA	002b6f54	DAT_002b6f54	undefined4	4
FUNC	002b6f58	Core_Load	undefined Core_Load()
DATA	002b72dc	DAT_002b72dc	undefined4	4
DATA	002b72e0	DAT_002b72e0	undefined4	4
DATA	002b72e4	DAT_002b72e4	undefined4	4
DATA	002b72e8	DAT_002b72e8	undefined4	4
DATA	002b72ec	DAT_002b72ec	undefined4	4
DATA	002b72f0	DAT_002b72f0	undefined4	4
DATA	002b72f4	DAT_002b72f4	undefined4	4
DATA	002b72f8	DAT_002b72f8	undefined4	4
DATA	002b72fc	DAT_002b72fc	undefined4	4
DATA	002b7300	DAT_002b7300	undefined4	4
DATA	002b7304	DAT_002b7304	undefined4	4
DATA	002b7308	DAT_002b7308	undefined4	4
DATA	002b730c	DAT_002b730c	undefined4	4
DATA	002b7310	DAT_002b7310	undefined4	4
DATA	002b7314	DAT_002b7314	undefined4	4
DATA	002b7318	DAT_002b7318	undefined4	4
DATA	002b731c	DAT_002b731c	undefined4	4
DATA	002b7320	DAT_002b7320	undefined4	4
DATA	002b7324	DAT_002b7324	undefined4	4
DATA	002b7328	DAT_002b7328	undefined4	4
DATA	002b732c	DAT_002b732c	undefined4	4
DATA	002b7330	DAT_002b7330	undefined4	4
DATA	002b7334	DAT_002b7334	undefined4	4
DATA	002b7338	DAT_002b7338	undefined4	4
DATA	002b733c	DAT_002b733c	undefined4	4
DATA	002b7340	DAT_002b7340	undefined4	4
DATA	002b7344	DAT_002b7344	undefined4	4
DATA	002b7348	DAT_002b7348	undefined4	4
DATA	002b734c	DAT_002b734c	undefined4	4
DATA	002b7350	DAT_002b7350	undefined4	4
DATA	002b7354	DAT_002b7354	undefined4	4
DATA	002b7358	DAT_002b7358	undefined4	4
DATA	002b735c	DAT_002b735c	undefined4	4
DATA	002b7360	DAT_002b7360	undefined4	4
DATA	002b7364	DAT_002b7364	undefined4	4
DATA	002b7368	DAT_002b7368	undefined4	4
DATA	002b736c	DAT_002b736c	undefined4	4
DATA	002b7370	DAT_002b7370	undefined4	4
DATA	002b7374	DAT_002b7374	undefined4	4
DATA	002b7378	DAT_002b7378	undefined4	4
FUNC	002b737c	Gpsp_Load	undefined Gpsp_Load()
DATA	002b74c8	DAT_002b74c8	undefined4	4
DATA	002b74cc	DAT_002b74cc	undefined4	4
DATA	002b74d0	DAT_002b74d0	undefined4	4
DATA	002b74d4	DAT_002b74d4	undefined4	4
DATA	002b74d8	DAT_002b74d8	undefined4	4
DATA	002b74dc	DAT_002b74dc	undefined4	4
DATA	002b74e0	DAT_002b74e0	undefined4	4
DATA	002b74e4	DAT_002b74e4	undefined4	4
DATA	002b74e8	DAT_002b74e8	undefined4	4
DATA	002b74ec	DAT_002b74ec	undefined4	4
DATA	002b74f0	DAT_002b74f0	undefined4	4
DATA	002b74f4	DAT_002b74f4	undefined4	4
DATA	002b74f8	DAT_002b74f8	undefined4	4
DATA	002b74fc	DAT_002b74fc	undefined4	4
DATA	002b7500	DAT_002b7500	undefined4	4
DATA	002b7504	DAT_002b7504	undefined4	4
DATA	002b7508	DAT_002b7508	undefined4	4
DATA	002b750c	DAT_002b750c	undefined4	4
FUNC	002b7510	run_game	undefined run_game()
DATA	002b79fc	DAT_002b79fc	undefined4	4
DATA	002b7a00	DAT_002b7a00	undefined4	4
DATA	002b7a04	DAT_002b7a04	undefined4	4
DATA	002b7a08	DAT_002b7a08	undefined4	4
DATA	002b7a0c	DAT_002b7a0c	undefined4	4
DATA	002b7a10	DAT_002b7a10	undefined4	4
DATA	002b7a14	DAT_002b7a14	undefined4	4
DATA	002b7a18	DAT_002b7a18	undefined4	4
DATA	002b7a1c	DAT_002b7a1c	undefined4	4
DATA	002b7a20	DAT_002b7a20	undefined4	4
DATA	002b7a24	DAT_002b7a24	undefined4	4
FUNC	002b7a28	autorun	undefined autorun()
DATA	002b7a64	DAT_002b7a64	undefined4	4
FUNC	002b7a68	NES_Load	undefined NES_Load()
DATA	002b7c78	DAT_002b7c78	undefined4	4
DATA	002b7c7c	DAT_002b7c7c	undefined4	4
DATA	002b7c80	DAT_002b7c80	undefined4	4
DATA	002b7c84	DAT_002b7c84	undefined4	4
DATA	002b7c88	DAT_002b7c88	undefined4	4
DATA	002b7c8c	DAT_002b7c8c	undefined4	4
DATA	002b7c90	DAT_002b7c90	undefined4	4
DATA	002b7c94	DAT_002b7c94	undefined4	4
DATA	002b7c98	DAT_002b7c98	undefined4	4
DATA	002b7c9c	DAT_002b7c9c	undefined4	4
DATA	002b7ca0	DAT_002b7ca0	undefined4	4
DATA	002b7ca4	DAT_002b7ca4	undefined4	4
DATA	002b7ca8	DAT_002b7ca8	undefined4	4
DATA	002b7cac	DAT_002b7cac	undefined4	4
DATA	002b7cb0	DAT_002b7cb0	undefined4	4
DATA	002b7cb4	DAT_002b7cb4	undefined4	4
DATA	002b7cb8	DAT_002b7cb8	undefined4	4
DATA	002b7cbc	DAT_002b7cbc	undefined4	4
DATA	002b7cc0	DAT_002b7cc0	undefined4	4
DATA	002b7cc4	DAT_002b7cc4	undefined4	4
DATA	002b7cc8	DAT_002b7cc8	undefined4	4
FUNC	002b7ccc	GBC_Load	undefined GBC_Load()
DATA	002b7edc	DAT_002b7edc	undefined4	4
DATA	002b7ee0	DAT_002b7ee0	undefined4	4
DATA	002b7ee4	DAT_002b7ee4	undefined4	4
DATA	002b7ee8	DAT_002b7ee8	undefined4	4
DATA	002b7eec	DAT_002b7eec	undefined4	4
DATA	002b7ef0	DAT_002b7ef0	undefined4	4
DATA	002b7ef4	DAT_002b7ef4	undefined4	4
DATA	002b7ef8	DAT_002b7ef8	undefined4	4
DATA	002b7efc	DAT_002b7efc	undefined4	4
DATA	002b7f00	DAT_002b7f00	undefined4	4
DATA	002b7f04	DAT_002b7f04	undefined4	4
DATA	002b7f08	DAT_002b7f08	undefined4	4
DATA	002b7f0c	DAT_002b7f0c	undefined4	4
DATA	002b7f10	DAT_002b7f10	undefined4	4
DATA	002b7f14	DAT_002b7f14	undefined4	4
DATA	002b7f18	DAT_002b7f18	undefined4	4
DATA	002b7f1c	DAT_002b7f1c	undefined4	4
DATA	002b7f20	DAT_002b7f20	undefined4	4
DATA	002b7f24	DAT_002b7f24	undefined4	4
DATA	002b7f28	DAT_002b7f28	undefined4	4
DATA	002b7f2c	DAT_002b7f2c	undefined4	4
FUNC	002b7f30	VRT_Load	undefined VRT_Load()
DATA	002b8140	DAT_002b8140	undefined4	4
DATA	002b8144	DAT_002b8144	undefined4	4
DATA	002b8148	DAT_002b8148	undefined4	4
DATA	002b814c	DAT_002b814c	undefined4	4
DATA	002b8150	DAT_002b8150	undefined4	4
DATA	002b8154	DAT_002b8154	undefined4	4
DATA	002b8158	DAT_002b8158	undefined4	4
DATA	002b815c	DAT_002b815c	undefined4	4
DATA	002b8160	DAT_002b8160	undefined4	4
DATA	002b8164	DAT_002b8164	undefined4	4
DATA	002b8168	DAT_002b8168	undefined4	4
DATA	002b816c	DAT_002b816c	undefined4	4
DATA	002b8170	DAT_002b8170	undefined4	4
DATA	002b8174	DAT_002b8174	undefined4	4
DATA	002b8178	DAT_002b8178	undefined4	4
DATA	002b817c	DAT_002b817c	undefined4	4
DATA	002b8180	DAT_002b8180	undefined4	4
DATA	002b8184	DAT_002b8184	undefined4	4
DATA	002b8188	DAT_002b8188	undefined4	4
DATA	002b818c	DAT_002b818c	undefined4	4
DATA	002b8190	DAT_002b8190	undefined4	4
FUNC	002b8194	Pico_Load	undefined Pico_Load()
DATA	002b8398	DAT_002b8398	undefined4	4
DATA	002b839c	DAT_002b839c	undefined4	4
DATA	002b83a0	DAT_002b83a0	undefined4	4
DATA	002b83a4	DAT_002b83a4	undefined4	4
DATA	002b83a8	DAT_002b83a8	undefined4	4
DATA	002b83ac	DAT_002b83ac	undefined4	4
DATA	002b83b0	DAT_002b83b0	undefined4	4
DATA	002b83b4	DAT_002b83b4	undefined4	4
DATA	002b83b8	DAT_002b83b8	undefined4	4
DATA	002b83bc	DAT_002b83bc	undefined4	4
DATA	002b83c0	DAT_002b83c0	undefined4	4
DATA	002b83c4	DAT_002b83c4	undefined4	4
DATA	002b83c8	DAT_002b83c8	undefined4	4
DATA	002b83cc	DAT_002b83cc	undefined4	4
DATA	002b83d0	DAT_002b83d0	undefined4	4
DATA	002b83d4	DAT_002b83d4	undefined4	4
DATA	002b83d8	DAT_002b83d8	undefined4	4
DATA	002b83dc	DAT_002b83dc	undefined4	4
DATA	002b83e0	DAT_002b83e0	undefined4	4
DATA	002b83e4	DAT_002b83e4	undefined4	4
FUNC	002b83e8	retro_save_state	undefined retro_save_state()
DATA	002b8548	DAT_002b8548	undefined4	4
DATA	002b854c	DAT_002b854c	undefined4	4
DATA	002b8550	DAT_002b8550	undefined4	4
DATA	002b8554	DAT_002b8554	undefined4	4
DATA	002b8558	DAT_002b8558	undefined4	4
DATA	002b855c	DAT_002b855c	undefined4	4
DATA	002b8560	DAT_002b8560	undefined4	4
DATA	002b8564	DAT_002b8564	undefined4	4
DATA	002b8568	DAT_002b8568	undefined4	4
DATA	002b856c	DAT_002b856c	undefined4	4
FUNC	002b8570	retro_load_state	undefined retro_load_state()
DATA	002b86c8	DAT_002b86c8	undefined4	4
DATA	002b86cc	DAT_002b86cc	undefined4	4
DATA	002b86d0	DAT_002b86d0	undefined4	4
DATA	002b86d4	DAT_002b86d4	undefined4	4
DATA	002b86d8	DAT_002b86d8	undefined4	4
DATA	002b86dc	DAT_002b86dc	undefined4	4
DATA	002b86e0	DAT_002b86e0	undefined4	4
DATA	002b86e4	DAT_002b86e4	undefined4	4
DATA	002b86e8	DAT_002b86e8	undefined4	4
DATA	002b86ec	DAT_002b86ec	undefined4	4
FUNC	002b86f0	save_state	undefined save_state()
FUNC	002b86f4	load_state	undefined load_state()
FUNC	002b86f8	MP3InitDecoder	undefined MP3InitDecoder()
FUNC	002b86fc	MP3FreeDecoder	undefined MP3FreeDecoder()
FUNC	002b8708	MP3FindSyncWord	undefined MP3FindSyncWord()
FUNC	002b875c	MP3GetLastFrameInfo	undefined MP3GetLastFrameInfo()
DATA	002b87ec	DAT_002b87ec	undefined4	4
DATA	002b87f0	DAT_002b87f0	undefined4	4
FUNC	002b87f4	MP3GetNextFrameInfo	undefined MP3GetNextFrameInfo()
FUNC	002b8844	MP3Decode	undefined MP3Decode()
FUNC	002b8c84	Convert_Stereo	undefined Convert_Stereo()
FUNC	002b8cbc	Convert_Mono	undefined Convert_Mono()
FUNC	002b8ce8	xmp3_UnpackScaleFactors	undefined xmp3_UnpackScaleFactors()
DATA	002b974c	DAT_002b974c	undefined4	4
DATA	002b9750	DAT_002b9750	undefined4	4
FUNC	002b9754	xmp3_MidSideProc	undefined xmp3_MidSideProc()
FUNC	002b97e8	xmp3_IntensityProcMPEG1	undefined xmp3_IntensityProcMPEG1()
DATA	002b9c4c	DAT_002b9c4c	undefined4	4
DATA	002b9c50	DAT_002b9c50	undefined4	4
DATA	002b9c54	DAT_002b9c54	undefined4	4
FUNC	002b9c58	xmp3_IntensityProcMPEG2	undefined xmp3_IntensityProcMPEG2()
DATA	002ba080	DAT_002ba080	undefined4	4
DATA	002ba084	DAT_002ba084	undefined4	4
DATA	002ba088	DAT_002ba088	undefined4	4
FUNC	002ba08c	xmp3_Subband	undefined xmp3_Subband()
DATA	002ba1e8	DAT_002ba1e8	undefined4	4
DATA	002ba1ec	DAT_002ba1ec	undefined4	4
FUNC	002ba1f0	WinPrevious	undefined WinPrevious()
DATA	002ba384	DAT_002ba384	undefined4	4
DATA	002ba388	DAT_002ba388	undefined4	4
FUNC	002ba38c	FreqInvertRescale	undefined FreqInvertRescale()
FUNC	002ba558	xmp3_IMDCT	undefined xmp3_IMDCT()
DATA	002bb4d8	DAT_002bb4d8	undefined4	4
DATA	002bb4dc	DAT_002bb4dc	undefined4	4
DATA	002bb4e0	DAT_002bb4e0	undefined4	4
DATA	002bb4e4	DAT_002bb4e4	undefined4	4
DATA	002bb4e8	DAT_002bb4e8	undefined4	4
FUNC	002bb920	xmp3_DecodeHuffman	undefined xmp3_DecodeHuffman()
DATA	002bc360	DAT_002bc360	undefined4	4
DATA	002bc364	DAT_002bc364	undefined4	4
DATA	002bc368	DAT_002bc368	undefined4	4
DATA	002bc36c	DAT_002bc36c	undefined4	4
DATA	002bc370	DAT_002bc370	undefined4	4
DATA	002bc374	DAT_002bc374	undefined4	4
DATA	002bc378	DAT_002bc378	undefined4	4
FUNC	002bc37c	DequantBlock	undefined DequantBlock()
DATA	002bc5f8	DAT_002bc5f8	undefined4	4
DATA	002bc5fc	DAT_002bc5fc	undefined4	4
DATA	002bc600	DAT_002bc600	undefined4	4
FUNC	002bc604	xmp3_DequantChannel	undefined xmp3_DequantChannel()
DATA	002bca5c	DAT_002bca5c	undefined4	4
FUNC	002bca60	xmp3_Dequantize	undefined xmp3_Dequantize()
FUNC	002bcdf4	xmp3_FDCT32	undefined xmp3_FDCT32()
DATA	002bd770	DAT_002bd770	undefined4	4
FUNC	002bd774	xmp3_SetBitstreamPointer	undefined xmp3_SetBitstreamPointer()
FUNC	002bd78c	xmp3_GetBits	undefined xmp3_GetBits()
FUNC	002bd8a4	xmp3_CalcBitsUsed	undefined xmp3_CalcBitsUsed()
FUNC	002bd8bc	xmp3_CheckPadBit	undefined xmp3_CheckPadBit()
FUNC	002bd8e8	xmp3_UnpackFrameHeader	undefined xmp3_UnpackFrameHeader()
DATA	002bdb80	DAT_002bdb80	undefined4	4
DATA	002bdb84	DAT_002bdb84	undefined4	4
DATA	002bdb88	DAT_002bdb88	undefined4	4
DATA	002bdb8c	DAT_002bdb8c	undefined4	4
DATA	002bdb90	DAT_002bdb90	undefined4	4
DATA	002bdb94	DAT_002bdb94	undefined4	4
DATA	002bdb98	DAT_002bdb98	undefined4	4
FUNC	002bdb9c	xmp3_UnpackSideInfo	undefined xmp3_UnpackSideInfo()
FUNC	002bdefc	ClearBuffer	undefined ClearBuffer()
FUNC	002bdf1c	xmp3_AllocateBuffers	undefined xmp3_AllocateBuffers()
DATA	002bdfe8	DAT_002bdfe8	undefined4	4
DATA	002bdfec	DAT_002bdfec	undefined4	4
DATA	002bdff0	DAT_002bdff0	undefined4	4
DATA	002bdff4	DAT_002bdff4	undefined4	4
DATA	002bdff8	DAT_002bdff8	undefined4	4
DATA	002bdffc	DAT_002bdffc	undefined4	4
DATA	002be000	DAT_002be000	undefined4	4
DATA	002be004	DAT_002be004	undefined4	4
DATA	002be008	DAT_002be008	undefined4	4
FUNC	002be00c	xmp3_FreeBuffers	undefined xmp3_FreeBuffers()
FUNC	002be010	xmp3_PolyphaseMono	undefined xmp3_PolyphaseMono()
FUNC	002be384	xmp3_PolyphaseStereo	undefined xmp3_PolyphaseStereo()
FUNC	002bea48	mxml_set_attr	undefined mxml_set_attr()
DATA	002beb54	DAT_002beb54	undefined4	4
DATA	002beb58	DAT_002beb58	undefined4	4
FUNC	002beb5c	mxmlElementDeleteAttr	undefined mxmlElementDeleteAttr()
FUNC	002bebfc	mxmlElementGetAttr	undefined mxmlElementGetAttr()
FUNC	002bec70	mxmlElementSetAttr	undefined mxmlElementSetAttr()
FUNC	002becd8	mxmlElementSetAttrf	undefined mxmlElementSetAttrf()
DATA	002bed74	DAT_002bed74	undefined4	4
FUNC	002bed78	mxmlEntityAddCallback	undefined mxmlEntityAddCallback()
DATA	002bedc0	DAT_002bedc0	undefined4	4
FUNC	002bedc4	mxmlEntityGetName	undefined mxmlEntityGetName()
DATA	002bee80	DAT_002bee80	undefined4	4
DATA	002bee84	DAT_002bee84	undefined4	4
DATA	002bee88	DAT_002bee88	undefined4	4
DATA	002bee8c	DAT_002bee8c	undefined4	4
FUNC	002bee90	mxmlEntityGetValue	undefined mxmlEntityGetValue()
FUNC	002beee0	mxmlEntityRemoveCallback	undefined mxmlEntityRemoveCallback()
FUNC	002bef64	_mxml_entity_cb	undefined _mxml_entity_cb()
DATA	002bf004	DAT_002bf004	undefined4	4
DATA	002bf008	DAT_002bf008	undefined4	4
FUNC	002bf00c	mxml_string_putc	undefined mxml_string_putc()
FUNC	002bf030	mxml_write_ws	undefined mxml_write_ws()
FUNC	002bf0d4	mxml_string_getc	undefined mxml_string_getc()
DATA	002bf454	DAT_002bf454	undefined4	4
DATA	002bf458	DAT_002bf458	undefined4	4
DATA	002bf45c	DAT_002bf45c	undefined4	4
DATA	002bf460	DAT_002bf460	undefined4	4
DATA	002bf464	DAT_002bf464	undefined4	4
FUNC	002bf468	mxml_get_entity	undefined mxml_get_entity()
DATA	002bf628	DAT_002bf628	undefined4	4
DATA	002bf62c	DAT_002bf62c	undefined4	4
DATA	002bf630	DAT_002bf630	undefined4	4
DATA	002bf634	DAT_002bf634	undefined4	4
DATA	002bf638	DAT_002bf638	undefined4	4
DATA	002bf63c	DAT_002bf63c	undefined4	4
DATA	002bf640	DAT_002bf640	undefined4	4
DATA	002bf644	DAT_002bf644	undefined4	4
FUNC	002bf648	mxml_add_char	undefined mxml_add_char()
DATA	002bf7e8	DAT_002bf7e8	undefined4	4
FUNC	002bf7ec	mxml_file_getc	undefined mxml_file_getc()
DATA	002bfb3c	DAT_002bfb3c	undefined4	4
DATA	002bfb40	DAT_002bfb40	undefined4	4
DATA	002bfb44	DAT_002bfb44	undefined4	4
DATA	002bfb48	DAT_002bfb48	undefined4	4
DATA	002bfb4c	DAT_002bfb4c	undefined4	4
DATA	002bfb50	DAT_002bfb50	undefined4	4
FUNC	002bfb54	mxml_write_string	undefined mxml_write_string()
FUNC	002bfc00	mxml_fd_write	undefined mxml_fd_write()
FUNC	002bfc6c	mxml_fd_putc	undefined mxml_fd_putc()
FUNC	002bfcb8	mxml_file_putc	undefined mxml_file_putc()
FUNC	002bfcd4	mxml_isspace.part.0	undefined mxml_isspace.part.0()
FUNC	002bfce8	mxml_load_data	undefined mxml_load_data()
DATA	002c0cf8	DAT_002c0cf8	undefined4	4
DATA	002c0cfc	DAT_002c0cfc	undefined4	4
DATA	002c0d00	DAT_002c0d00	undefined4	4
DATA	002c0d04	DAT_002c0d04	undefined4	4
DATA	002c0d08	DAT_002c0d08	undefined4	4
DATA	002c0d0c	DAT_002c0d0c	undefined4	4
DATA	002c0d10	DAT_002c0d10	undefined4	4
DATA	002c0d14	DAT_002c0d14	undefined4	4
DATA	002c0d18	DAT_002c0d18	undefined4	4
DATA	002c0d1c	DAT_002c0d1c	undefined4	4
DATA	002c0d20	DAT_002c0d20	undefined4	4
DATA	002c0d24	DAT_002c0d24	undefined4	4
DATA	002c0d28	DAT_002c0d28	undefined4	4
DATA	002c0d2c	DAT_002c0d2c	undefined4	4
DATA	002c0d30	DAT_002c0d30	undefined4	4
DATA	002c0d34	DAT_002c0d34	undefined4	4
DATA	002c0d38	DAT_002c0d38	undefined4	4
DATA	002c0d3c	DAT_002c0d3c	undefined4	4
DATA	002c0d40	DAT_002c0d40	undefined4	4
DATA	002c0d44	DAT_002c0d44	undefined4	4
DATA	002c0d48	DAT_002c0d48	undefined4	4
DATA	002c0d4c	DAT_002c0d4c	undefined4	4
DATA	002c0d50	DAT_002c0d50	undefined4	4
DATA	002c0d54	DAT_002c0d54	undefined4	4
DATA	002c0d58	DAT_002c0d58	undefined4	4
DATA	002c0d5c	DAT_002c0d5c	undefined4	4
DATA	002c0d60	DAT_002c0d60	undefined4	4
DATA	002c0d64	DAT_002c0d64	undefined4	4
DATA	002c0d68	DAT_002c0d68	undefined4	4
DATA	002c0d6c	DAT_002c0d6c	undefined4	4
DATA	002c0d70	DAT_002c0d70	undefined4	4
DATA	002c0d74	DAT_002c0d74	undefined4	4
DATA	002c0d78	DAT_002c0d78	undefined4	4
DATA	002c0d7c	DAT_002c0d7c	undefined4	4
DATA	002c0d80	DAT_002c0d80	undefined4	4
DATA	002c0d84	DAT_002c0d84	undefined4	4
DATA	002c0d88	DAT_002c0d88	undefined4	4
DATA	002c0d8c	DAT_002c0d8c	undefined4	4
DATA	002c0d90	DAT_002c0d90	undefined4	4
DATA	002c0d94	DAT_002c0d94	undefined4	4
DATA	002c0d98	DAT_002c0d98	undefined4	4
DATA	002c0d9c	DAT_002c0d9c	undefined4	4
DATA	002c0da0	DAT_002c0da0	undefined4	4
DATA	002c0da4	DAT_002c0da4	undefined4	4
DATA	002c0da8	DAT_002c0da8	undefined4	4
DATA	002c0dac	DAT_002c0dac	undefined4	4
DATA	002c0db0	DAT_002c0db0	undefined4	4
DATA	002c0db4	DAT_002c0db4	undefined4	4
FUNC	002c1234	mxml_fd_read.part.1	undefined mxml_fd_read.part.1()
FUNC	002c1290	mxml_fd_getc	undefined mxml_fd_getc()
DATA	002c17cc	DAT_002c17cc	undefined4	4
DATA	002c17d0	DAT_002c17d0	undefined4	4
DATA	002c17d4	DAT_002c17d4	undefined4	4
DATA	002c17d8	DAT_002c17d8	undefined4	4
DATA	002c17dc	DAT_002c17dc	undefined4	4
DATA	002c17e0	DAT_002c17e0	undefined4	4
FUNC	002c17e4	mxml_write_name	undefined mxml_write_name()
FUNC	002c18f0	mxml_write_node	undefined mxml_write_node()
DATA	002c1f20	DAT_002c1f20	undefined4	4
DATA	002c1f24	DAT_002c1f24	undefined4	4
DATA	002c1f28	DAT_002c1f28	undefined4	4
DATA	002c1f2c	DAT_002c1f2c	undefined4	4
FUNC	002c1f30	mxmlLoadFd	undefined mxmlLoadFd()
DATA	002c1f78	DAT_002c1f78	undefined4	4
FUNC	002c1f7c	mxmlLoadFile	undefined mxmlLoadFile()
DATA	002c1fa4	DAT_002c1fa4	undefined4	4
FUNC	002c1fa8	mxmlLoadString	undefined mxmlLoadString()
DATA	002c1fdc	DAT_002c1fdc	undefined4	4
FUNC	002c1fe0	mxmlSaveFd	undefined mxmlSaveFd()
DATA	002c2098	DAT_002c2098	undefined4	4
FUNC	002c209c	mxmlSaveFile	undefined mxmlSaveFile()
DATA	002c2104	DAT_002c2104	undefined4	4
FUNC	002c2108	mxmlSaveString	undefined mxmlSaveString()
DATA	002c21a8	DAT_002c21a8	undefined4	4
FUNC	002c21ac	mxmlSaveAllocString	undefined mxmlSaveAllocString()
FUNC	002c2240	mxmlSAXLoadFd	undefined mxmlSAXLoadFd()
DATA	002c2290	DAT_002c2290	undefined4	4
FUNC	002c2294	mxmlSAXLoadFile	undefined mxmlSAXLoadFile()
DATA	002c22bc	DAT_002c22bc	undefined4	4
FUNC	002c22c0	mxmlSAXLoadString	undefined mxmlSAXLoadString()
DATA	002c22f4	DAT_002c22f4	undefined4	4
FUNC	002c22f8	mxmlSetCustomHandlers	undefined mxmlSetCustomHandlers()
FUNC	002c2314	mxmlSetErrorCallback	undefined mxmlSetErrorCallback()
FUNC	002c2328	mxmlSetWrapMargin	undefined mxmlSetWrapMargin()
FUNC	002c2340	mxmlGetCDATA	undefined mxmlGetCDATA()
DATA	002c2388	DAT_002c2388	undefined4	4
FUNC	002c238c	mxmlGetCustom	undefined mxmlGetCustom()
FUNC	002c23d0	mxmlGetElement	undefined mxmlGetElement()
FUNC	002c23ec	mxmlGetFirstChild	undefined mxmlGetFirstChild()
FUNC	002c2408	mxmlGetInteger	undefined mxmlGetInteger()
FUNC	002c244c	mxmlGetLastChild	undefined mxmlGetLastChild()
FUNC	002c2468	mxmlGetNextSibling	undefined mxmlGetNextSibling()
FUNC	002c2474	mxmlGetOpaque	undefined mxmlGetOpaque()
FUNC	002c24b8	mxmlGetParent	undefined mxmlGetParent()
FUNC	002c24c4	mxmlGetPrevSibling	undefined mxmlGetPrevSibling()
FUNC	002c24d0	mxmlGetReal	undefined mxmlGetReal()
DATA	002c2520	DAT_002c2520	undefined8	8
FUNC	002c2528	mxmlGetText	undefined mxmlGetText()
FUNC	002c25a0	mxmlGetType	undefined mxmlGetType()
FUNC	002c25b0	mxmlGetUserData	undefined mxmlGetUserData()
FUNC	002c25bc	index_find.isra.0	undefined index_find.isra.0()
FUNC	002c2614	index_compare.isra.2	undefined index_compare.isra.2()
FUNC	002c266c	index_sort	undefined index_sort()
FUNC	002c27a8	mxmlIndexDelete	undefined mxmlIndexDelete()
FUNC	002c27f0	mxmlIndexEnum	undefined mxmlIndexEnum()
FUNC	002c281c	mxmlIndexFind	undefined mxmlIndexFind()
FUNC	002c29d4	mxmlIndexGetCount	undefined mxmlIndexGetCount()
FUNC	002c29e0	mxmlIndexNew	undefined mxmlIndexNew()
DATA	002c2b9c	DAT_002c2b9c	undefined4	4
DATA	002c2ba0	DAT_002c2ba0	undefined4	4
FUNC	002c2ba4	mxmlIndexReset	undefined mxmlIndexReset()
FUNC	002c2bd4	mxmlGetRefCount	undefined mxmlGetRefCount()
FUNC	002c2be0	mxmlRemove	undefined mxmlRemove()
FUNC	002c2c28	mxmlAdd	undefined mxmlAdd()
FUNC	002c2d40	mxml_new	undefined mxml_new()
FUNC	002c2d8c	mxmlNewCDATA	undefined mxmlNewCDATA()
DATA	002c2dcc	DAT_002c2dcc	undefined4	4
FUNC	002c2dd0	mxmlNewCustom	undefined mxmlNewCustom()
FUNC	002c2df4	mxmlNewElement	undefined mxmlNewElement()
FUNC	002c2e2c	mxmlNewInteger	undefined mxmlNewInteger()
FUNC	002c2e48	mxmlNewOpaque	undefined mxmlNewOpaque()
FUNC	002c2e80	mxmlNewReal	undefined mxmlNewReal()
FUNC	002c2ea4	mxmlNewText	undefined mxmlNewText()
FUNC	002c2ee4	mxmlNewTextf	undefined mxmlNewTextf()
FUNC	002c2f44	mxmlDelete	undefined mxmlDelete()
FUNC	002c3064	mxmlNewXML	undefined mxmlNewXML()
DATA	002c30a8	DAT_002c30a8	undefined4	4
DATA	002c30ac	DAT_002c30ac	undefined4	4
FUNC	002c30b0	mxmlRelease	undefined mxmlRelease()
FUNC	002c30f0	mxmlRetain	undefined mxmlRetain()
FUNC	002c3108	_mxml_destructor	undefined _mxml_destructor()
FUNC	002c310c	_mxml_init	undefined _mxml_init()
DATA	002c3120	DAT_002c3120	undefined4	4
DATA	002c3124	DAT_002c3124	undefined4	4
FUNC	002c3128	mxml_ignore_cb	undefined mxml_ignore_cb()
FUNC	002c3130	mxml_integer_cb	undefined mxml_integer_cb()
FUNC	002c3138	mxml_opaque_cb	undefined mxml_opaque_cb()
FUNC	002c3140	mxml_real_cb	undefined mxml_real_cb()
FUNC	002c3148	_mxml_global	undefined _mxml_global()
DATA	002c31c8	DAT_002c31c8	undefined4	4
DATA	002c31cc	DAT_002c31cc	undefined4	4
DATA	002c31d0	DAT_002c31d0	undefined4	4
DATA	002c31d4	DAT_002c31d4	undefined4	4
DATA	002c31d8	DAT_002c31d8	undefined4	4
FUNC	002c31dc	mxml_error	undefined mxml_error()
DATA	002c3274	DAT_002c3274	undefined4	4
DATA	002c3278	DAT_002c3278	undefined4	4
DATA	002c327c	DAT_002c327c	undefined4	4
FUNC	002c3280	mxmlWalkNext	undefined mxmlWalkNext()
FUNC	002c32fc	mxmlFindElement	undefined mxmlFindElement()
FUNC	002c33ec	mxmlFindPath	undefined mxmlFindPath()
DATA	002c351c	DAT_002c351c	undefined4	4
FUNC	002c3520	mxmlWalkPrev	undefined mxmlWalkPrev()
FUNC	002c3578	mxmlSetCDATA	undefined mxmlSetCDATA()
DATA	002c3620	DAT_002c3620	undefined4	4
DATA	002c3624	DAT_002c3624	undefined4	4
FUNC	002c3628	mxmlSetCustom	undefined mxmlSetCustom()
FUNC	002c369c	mxmlSetElement	undefined mxmlSetElement()
FUNC	002c36f8	mxmlSetInteger	undefined mxmlSetInteger()
FUNC	002c3740	mxmlSetOpaque	undefined mxmlSetOpaque()
FUNC	002c37c0	mxmlSetReal	undefined mxmlSetReal()
FUNC	002c3808	mxmlSetText	undefined mxmlSetText()
FUNC	002c3890	mxmlSetTextf	undefined mxmlSetTextf()
FUNC	002c3930	mxmlSetUserData	undefined mxmlSetUserData()
FUNC	002c3944	_mxml_vstrdupf	undefined _mxml_vstrdupf()
FUNC	002c39c4	_mxml_strdupf	undefined _mxml_strdupf()
FUNC	002c39f0	sfc_request	undefined sfc_request()
DATA	002c3d4c	DAT_002c3d4c	undefined4	4
DATA	002c3d50	DAT_002c3d50	undefined4	4
DATA	002c3d54	DAT_002c3d54	undefined4	4
DATA	002c3d58	DAT_002c3d58	undefined4	4
DATA	002c3d5c	DAT_002c3d5c	undefined4	4
DATA	002c3d60	DAT_002c3d60	undefined4	4
DATA	002c3d64	DAT_002c3d64	undefined4	4
DATA	002c3d68	DAT_002c3d68	undefined4	4
DATA	002c3d6c	DAT_002c3d6c	undefined4	4
DATA	002c3d70	DAT_002c3d70	undefined4	4
DATA	002c3d74	DAT_002c3d74	undefined4	4
FUNC	002c3d78	snor_wait_busy	undefined snor_wait_busy()
FUNC	002c3e00	snor_write_en	undefined snor_write_en()
FUNC	002c3e38	spi_write	undefined spi_write()
FUNC	002c3e98	erase_sector	undefined erase_sector()
FUNC	002c3efc	spi_read	undefined spi_read()
FUNC	002c3f40	sflash_write_security_data	undefined sflash_write_security_data()
FUNC	002c3f9c	sflash_erase_security_data	undefined sflash_erase_security_data()
FUNC	002c4000	sflash_read_security_data	undefined sflash_read_security_data()
FUNC	002c4044	spi_driver_init	undefined spi_driver_init()
DATA	002c4388	DAT_002c4388	undefined4	4
DATA	002c438c	DAT_002c438c	undefined4	4
DATA	002c4390	DAT_002c4390	undefined4	4
DATA	002c4394	DAT_002c4394	undefined4	4
DATA	002c4398	DAT_002c4398	undefined4	4
DATA	002c439c	DAT_002c439c	undefined4	4
DATA	002c43a0	DAT_002c43a0	undefined4	4
DATA	002c43a4	DAT_002c43a4	undefined4	4
DATA	002c43a8	DAT_002c43a8	undefined4	4
DATA	002c43ac	DAT_002c43ac	undefined4	4
DATA	002c43b0	DAT_002c43b0	undefined4	4
DATA	002c43b4	DAT_002c43b4	undefined4	4
DATA	002c43b8	DAT_002c43b8	undefined4	4
DATA	002c43bc	DAT_002c43bc	undefined4	4
DATA	002c43c0	DAT_002c43c0	undefined4	4
DATA	002c43c4	DAT_002c43c4	undefined4	4
DATA	002c43c8	DAT_002c43c8	undefined4	4
FUNC	002c43cc	sfc_uninit	undefined sfc_uninit()
DATA	002c43f4	DAT_002c43f4	undefined4	4
FUNC	002c43f8	sfc_init	undefined sfc_init()
DATA	002c4490	DAT_002c4490	undefined4	4
DATA	002c4494	DAT_002c4494	undefined4	4
FUNC	002c4498	ascii_mbtowc	undefined ascii_mbtowc()
FUNC	002c44d0	ascii_wctomb	undefined ascii_wctomb()
FUNC	002c4500	utf8_mbtowc	undefined utf8_mbtowc()
FUNC	002c46d0	utf8_wctomb	undefined utf8_wctomb()
DATA	002c474c	switchdataD_002c474c	uint	4
FUNC	002c47e0	ucs2_mbtowc	undefined ucs2_mbtowc()
FUNC	002c48c0	ucs2_wctomb	undefined ucs2_wctomb()
FUNC	002c4924	ucs2be_mbtowc	undefined ucs2be_mbtowc()
FUNC	002c4978	ucs2be_wctomb	undefined ucs2be_wctomb()
FUNC	002c49d4	ucs2le_mbtowc	undefined ucs2le_mbtowc()
FUNC	002c4a2c	ucs2le_wctomb	undefined ucs2le_wctomb()
FUNC	002c4a88	ucs4_mbtowc	undefined ucs4_mbtowc()
FUNC	002c4b84	ucs4_wctomb	undefined ucs4_wctomb()
FUNC	002c4be4	ucs4be_mbtowc	undefined ucs4be_mbtowc()
FUNC	002c4c34	ucs4be_wctomb	undefined ucs4be_wctomb()
FUNC	002c4c88	ucs4le_mbtowc	undefined ucs4le_mbtowc()
FUNC	002c4cdc	ucs4le_wctomb	undefined ucs4le_wctomb()
FUNC	002c4d30	utf16_mbtowc	undefined utf16_mbtowc()
FUNC	002c4e84	utf16_wctomb	undefined utf16_wctomb()
FUNC	002c4f90	utf16be_mbtowc	undefined utf16be_mbtowc()
FUNC	002c5044	utf16be_wctomb	undefined utf16be_wctomb()
FUNC	002c50fc	utf16le_mbtowc	undefined utf16le_mbtowc()
FUNC	002c51b4	utf16le_wctomb	undefined utf16le_wctomb()
FUNC	002c526c	utf32_mbtowc	undefined utf32_mbtowc()
FUNC	002c5378	utf32_wctomb	undefined utf32_wctomb()
FUNC	002c5440	utf32be_mbtowc	undefined utf32be_mbtowc()
FUNC	002c54b0	utf32be_wctomb	undefined utf32be_wctomb()
FUNC	002c5520	utf32le_mbtowc	undefined utf32le_mbtowc()
FUNC	002c5594	utf32le_wctomb	undefined utf32le_wctomb()
FUNC	002c5604	utf7_mbtowc	undefined utf7_mbtowc()
DATA	002c5778	switchdataD_002c5778	uint	4
DATA	002c577c	UINT_002c577c	uint	4
FUNC	002c58c4	utf7_wctomb	undefined utf7_wctomb()
DATA	002c5b24	switchdataD_002c5b24	uint	4
FUNC	002c5c74	utf7_reset	undefined utf7_reset()
FUNC	002c5d30	ucs2internal_mbtowc	undefined ucs2internal_mbtowc()
FUNC	002c5d7c	ucs2internal_wctomb	undefined ucs2internal_wctomb()
FUNC	002c5dcc	ucs2swapped_mbtowc	undefined ucs2swapped_mbtowc()
FUNC	002c5e2c	ucs2swapped_wctomb	undefined ucs2swapped_wctomb()
FUNC	002c5e90	ucs4internal_mbtowc	undefined ucs4internal_mbtowc()
FUNC	002c5ec0	ucs4internal_wctomb	undefined ucs4internal_wctomb()
FUNC	002c5ef0	ucs4swapped_mbtowc	undefined ucs4swapped_mbtowc()
FUNC	002c5f44	ucs4swapped_wctomb	undefined ucs4swapped_wctomb()
FUNC	002c5f98	c99_mbtowc	undefined c99_mbtowc()
FUNC	002c6160	c99_wctomb	undefined c99_wctomb()
FUNC	002c6210	java_mbtowc	undefined java_mbtowc()
FUNC	002c63d8	java_wctomb	undefined java_wctomb()
FUNC	002c6664	iso8859_1_mbtowc	undefined iso8859_1_mbtowc()
FUNC	002c668c	iso8859_1_wctomb	undefined iso8859_1_wctomb()
FUNC	002c66bc	iso8859_2_mbtowc	undefined iso8859_2_mbtowc()
FUNC	002c6704	iso8859_2_wctomb	undefined iso8859_2_wctomb()
FUNC	002c678c	iso8859_3_mbtowc	undefined iso8859_3_mbtowc()
FUNC	002c67e8	iso8859_3_wctomb	undefined iso8859_3_wctomb()
FUNC	002c6894	iso8859_4_mbtowc	undefined iso8859_4_mbtowc()
FUNC	002c68dc	iso8859_4_wctomb	undefined iso8859_4_wctomb()
FUNC	002c6964	iso8859_5_mbtowc	undefined iso8859_5_mbtowc()
FUNC	002c69ac	iso8859_5_wctomb	undefined iso8859_5_wctomb()
FUNC	002c6a44	iso8859_6_mbtowc	undefined iso8859_6_mbtowc()
FUNC	002c6aa0	iso8859_6_wctomb	undefined iso8859_6_wctomb()
FUNC	002c6b28	iso8859_7_mbtowc	undefined iso8859_7_mbtowc()
FUNC	002c6b84	iso8859_7_wctomb	undefined iso8859_7_wctomb()
FUNC	002c6c54	iso8859_8_mbtowc	undefined iso8859_8_mbtowc()
FUNC	002c6cb0	iso8859_8_wctomb	undefined iso8859_8_wctomb()
FUNC	002c6d60	iso8859_9_mbtowc	undefined iso8859_9_mbtowc()
FUNC	002c6da8	iso8859_9_wctomb	undefined iso8859_9_wctomb()
FUNC	002c6e30	iso8859_10_mbtowc	undefined iso8859_10_mbtowc()
FUNC	002c6e78	iso8859_10_wctomb	undefined iso8859_10_wctomb()
FUNC	002c6eec	iso8859_11_mbtowc	undefined iso8859_11_mbtowc()
FUNC	002c6f44	iso8859_11_wctomb	undefined iso8859_11_wctomb()
FUNC	002c6fac	iso8859_13_mbtowc	undefined iso8859_13_mbtowc()
FUNC	002c6ff4	iso8859_13_wctomb	undefined iso8859_13_wctomb()
FUNC	002c7084	iso8859_14_mbtowc	undefined iso8859_14_mbtowc()
FUNC	002c70cc	iso8859_14_wctomb	undefined iso8859_14_wctomb()
FUNC	002c71c8	iso8859_15_mbtowc	undefined iso8859_15_mbtowc()
FUNC	002c7218	iso8859_15_wctomb	undefined iso8859_15_wctomb()
FUNC	002c72c0	iso8859_16_mbtowc	undefined iso8859_16_mbtowc()
FUNC	002c7308	iso8859_16_wctomb	undefined iso8859_16_wctomb()
FUNC	002c73cc	koi8_r_mbtowc	undefined koi8_r_mbtowc()
FUNC	002c7418	koi8_r_wctomb	undefined koi8_r_wctomb()
FUNC	002c7518	koi8_u_mbtowc	undefined koi8_u_mbtowc()
FUNC	002c7564	koi8_u_wctomb	undefined koi8_u_wctomb()
FUNC	002c7664	koi8_ru_mbtowc	undefined koi8_ru_mbtowc()
FUNC	002c76b0	koi8_ru_wctomb	undefined koi8_ru_wctomb()
FUNC	002c77b0	cp1250_mbtowc	undefined cp1250_mbtowc()
FUNC	002c7810	cp1250_wctomb	undefined cp1250_wctomb()
FUNC	002c78e0	cp1251_mbtowc	undefined cp1251_mbtowc()
FUNC	002c7940	cp1251_wctomb	undefined cp1251_wctomb()
FUNC	002c7a20	cp1252_mbtowc	undefined cp1252_mbtowc()
FUNC	002c7a84	cp1252_wctomb	undefined cp1252_wctomb()
FUNC	002c7b68	cp1253_mbtowc	undefined cp1253_mbtowc()
FUNC	002c7bc8	cp1253_wctomb	undefined cp1253_wctomb()
FUNC	002c7ca4	cp1254_mbtowc	undefined cp1254_mbtowc()
FUNC	002c7d68	cp1254_wctomb	undefined cp1254_wctomb()
FUNC	002c7e6c	normal_flushwc	undefined normal_flushwc()
FUNC	002c7ea0	cp1255_mbtowc	undefined cp1255_mbtowc()
DATA	002c7f1c	switchdataD_002c7f1c	uint	4
FUNC	002c80fc	cp1255_wctomb	undefined cp1255_wctomb()
FUNC	002c8390	cp1256_mbtowc	undefined cp1256_mbtowc()
FUNC	002c83dc	cp1256_wctomb	undefined cp1256_wctomb()
FUNC	002c84e0	cp1257_mbtowc	undefined cp1257_mbtowc()
FUNC	002c8540	cp1257_wctomb	undefined cp1257_wctomb()
FUNC	002c8610	cp1258_mbtowc	undefined cp1258_mbtowc()
DATA	002c8688	switchdataD_002c8688	uint	4
FUNC	002c887c	cp1258_wctomb	undefined cp1258_wctomb()
FUNC	002c8b24	cp850_mbtowc	undefined cp850_mbtowc()
FUNC	002c8b70	cp850_wctomb	undefined cp850_wctomb()
FUNC	002c8c28	cp862_mbtowc	undefined cp862_mbtowc()
FUNC	002c8c74	cp862_wctomb	undefined cp862_wctomb()
FUNC	002c8dc4	cp866_mbtowc	undefined cp866_mbtowc()
FUNC	002c8e20	cp866_wctomb	undefined cp866_wctomb()
FUNC	002c8f08	cp1131_mbtowc	undefined cp1131_mbtowc()
FUNC	002c8f54	cp1131_wctomb	undefined cp1131_wctomb()
FUNC	002c9010	mac_roman_mbtowc	undefined mac_roman_mbtowc()
FUNC	002c9070	mac_roman_wctomb	undefined mac_roman_wctomb()
FUNC	002c91d8	mac_centraleurope_mbtowc	undefined mac_centraleurope_mbtowc()
FUNC	002c9224	mac_centraleurope_wctomb	undefined mac_centraleurope_wctomb()
FUNC	002c9330	mac_iceland_mbtowc	undefined mac_iceland_mbtowc()
FUNC	002c9390	mac_iceland_wctomb	undefined mac_iceland_wctomb()
FUNC	002c94d4	mac_croatian_mbtowc	undefined mac_croatian_mbtowc()
FUNC	002c9534	mac_croatian_wctomb	undefined mac_croatian_wctomb()
FUNC	002c9654	mac_romania_mbtowc	undefined mac_romania_mbtowc()
FUNC	002c96b4	mac_romania_wctomb	undefined mac_romania_wctomb()
FUNC	002c97d4	mac_cyrillic_mbtowc	undefined mac_cyrillic_mbtowc()
FUNC	002c9820	mac_cyrillic_wctomb	undefined mac_cyrillic_wctomb()
FUNC	002c993c	mac_ukraine_mbtowc	undefined mac_ukraine_mbtowc()
FUNC	002c9988	mac_ukraine_wctomb	undefined mac_ukraine_wctomb()
FUNC	002c9aa4	mac_greek_mbtowc	undefined mac_greek_mbtowc()
FUNC	002c9b04	mac_greek_wctomb	undefined mac_greek_wctomb()
FUNC	002c9c00	mac_turkish_mbtowc	undefined mac_turkish_mbtowc()
FUNC	002c9c60	mac_turkish_wctomb	undefined mac_turkish_wctomb()
FUNC	002c9da4	mac_hebrew_mbtowc	undefined mac_hebrew_mbtowc()
FUNC	002c9e0c	mac_hebrew_wctomb	undefined mac_hebrew_wctomb()
FUNC	002c9ef8	mac_arabic_mbtowc	undefined mac_arabic_mbtowc()
FUNC	002c9f58	mac_arabic_wctomb	undefined mac_arabic_wctomb()
FUNC	002c9ff0	mac_thai_mbtowc	undefined mac_thai_mbtowc()
FUNC	002ca050	mac_thai_wctomb	undefined mac_thai_wctomb()
FUNC	002ca14c	hp_roman8_mbtowc	undefined hp_roman8_mbtowc()
FUNC	002ca1a8	hp_roman8_wctomb	undefined hp_roman8_wctomb()
FUNC	002ca284	nextstep_mbtowc	undefined nextstep_mbtowc()
FUNC	002ca2e4	nextstep_wctomb	undefined nextstep_wctomb()
FUNC	002ca3e0	armscii_8_mbtowc	undefined armscii_8_mbtowc()
FUNC	002ca43c	armscii_8_wctomb	undefined armscii_8_wctomb()
FUNC	002ca520	georgian_academy_mbtowc	undefined georgian_academy_mbtowc()
FUNC	002ca58c	georgian_academy_wctomb	undefined georgian_academy_wctomb()
FUNC	002ca6ac	georgian_ps_mbtowc	undefined georgian_ps_mbtowc()
FUNC	002ca724	georgian_ps_wctomb	undefined georgian_ps_wctomb()
FUNC	002ca850	koi8_t_mbtowc	undefined koi8_t_mbtowc()
FUNC	002ca8b0	koi8_t_wctomb	undefined koi8_t_wctomb()
FUNC	002ca988	pt154_mbtowc	undefined pt154_mbtowc()
FUNC	002ca9e4	pt154_wctomb	undefined pt154_wctomb()
FUNC	002caaa4	rk1048_mbtowc	undefined rk1048_mbtowc()
FUNC	002cab04	rk1048_wctomb	undefined rk1048_wctomb()
FUNC	002cabec	mulelao_mbtowc	undefined mulelao_mbtowc()
FUNC	002cac48	mulelao_wctomb	undefined mulelao_wctomb()
FUNC	002cacbc	cp1133_mbtowc	undefined cp1133_mbtowc()
FUNC	002cad50	cp1133_wctomb	undefined cp1133_wctomb()
FUNC	002cade8	tis620_mbtowc	undefined tis620_mbtowc()
FUNC	002cae48	tis620_wctomb	undefined tis620_wctomb()
FUNC	002caeb0	cp874_mbtowc	undefined cp874_mbtowc()
FUNC	002caf10	cp874_wctomb	undefined cp874_wctomb()
FUNC	002cafbc	viscii_mbtowc	undefined viscii_mbtowc()
FUNC	002cb024	viscii_wctomb	undefined viscii_wctomb()
FUNC	002cb0c4	tcvn_mbtowc	undefined tcvn_mbtowc()
DATA	002cb144	switchdataD_002cb144	uint	4
FUNC	002cb338	tcvn_wctomb	undefined tcvn_wctomb()
FUNC	002cb558	iso646_jp_mbtowc	undefined iso646_jp_mbtowc()
FUNC	002cb5ac	iso646_jp_wctomb	undefined iso646_jp_wctomb()
FUNC	002cb60c	jisx0201_mbtowc	undefined jisx0201_mbtowc()
FUNC	002cb67c	jisx0201_wctomb	undefined jisx0201_wctomb()
FUNC	002cb700	jisx0208_mbtowc	undefined jisx0208_mbtowc()
FUNC	002cb7dc	jisx0208_wctomb	undefined jisx0208_wctomb()
FUNC	002cb9f4	jisx0212_mbtowc	undefined jisx0212_mbtowc()
FUNC	002cbb34	jisx0212_wctomb	undefined jisx0212_wctomb()
FUNC	002cbcd8	iso646_cn_mbtowc	undefined iso646_cn_mbtowc()
FUNC	002cbd2c	iso646_cn_wctomb	undefined iso646_cn_wctomb()
FUNC	002cbd8c	gb2312_mbtowc	undefined gb2312_mbtowc()
FUNC	002cbe68	gb2312_wctomb	undefined gb2312_wctomb()
FUNC	002cc060	isoir165ext_mbtowc	undefined isoir165ext_mbtowc()
FUNC	002cc144	isoir165ext_wctomb	undefined isoir165ext_wctomb()
FUNC	002cc3d8	isoir165_mbtowc	undefined isoir165_mbtowc()
FUNC	002cc4a8	isoir165_wctomb	undefined isoir165_wctomb()
FUNC	002cc56c	gbkext1_mbtowc	undefined gbkext1_mbtowc()
FUNC	002cc62c	gbkext2_mbtowc	undefined gbkext2_mbtowc()
FUNC	002cc6e8	gbkext_inv_wctomb	undefined gbkext_inv_wctomb()
FUNC	002cc938	cp936ext_mbtowc	undefined cp936ext_mbtowc()
FUNC	002cca40	cp936ext_wctomb	undefined cp936ext_wctomb()
FUNC	002ccb04	gbk_mbtowc	undefined gbk_mbtowc()
FUNC	002ccc38	gbk_wctomb	undefined gbk_wctomb()
FUNC	002ccdb4	cns11643_1_mbtowc	undefined cns11643_1_mbtowc()
FUNC	002ccef4	cns11643_2_mbtowc	undefined cns11643_2_mbtowc()
FUNC	002ccf9c	cns11643_3_mbtowc	undefined cns11643_3_mbtowc()
FUNC	002cd0b4	cns11643_4_mbtowc	undefined cns11643_4_mbtowc()
FUNC	002cd1b4	cns11643_5_mbtowc	undefined cns11643_5_mbtowc()
FUNC	002cd278	cns11643_6_mbtowc	undefined cns11643_6_mbtowc()
FUNC	002cd33c	cns11643_7_mbtowc	undefined cns11643_7_mbtowc()
FUNC	002cd400	cns11643_15_mbtowc	undefined cns11643_15_mbtowc()
FUNC	002cd4c0	cns11643_inv_wctomb	undefined cns11643_inv_wctomb()
FUNC	002cd75c	big5_mbtowc	undefined big5_mbtowc()
FUNC	002cd848	big5_wctomb	undefined big5_wctomb()
FUNC	002cda8c	ksc5601_mbtowc	undefined ksc5601_mbtowc()
FUNC	002cdb9c	ksc5601_wctomb	undefined ksc5601_wctomb()
FUNC	002cddbc	johab_hangul_mbtowc	undefined johab_hangul_mbtowc()
FUNC	002cdf78	johab_hangul_wctomb	undefined johab_hangul_wctomb()
FUNC	002ce0d0	johab_hangul_decompose	undefined johab_hangul_decompose()
FUNC	002ce1b4	euc_jp_mbtowc	undefined euc_jp_mbtowc()
FUNC	002ce3d8	euc_jp_wctomb	undefined euc_jp_wctomb()
FUNC	002ce604	sjis_mbtowc	undefined sjis_mbtowc()
FUNC	002ce774	sjis_wctomb	undefined sjis_wctomb()
FUNC	002ce900	cp932ext_mbtowc	undefined cp932ext_mbtowc()
FUNC	002cea3c	cp932ext_wctomb	undefined cp932ext_wctomb()
FUNC	002ced8c	cp932_mbtowc	undefined cp932_mbtowc()
FUNC	002cef44	cp932_wctomb	undefined cp932_wctomb()
FUNC	002cf208	iso2022_jp_mbtowc	undefined iso2022_jp_mbtowc()
FUNC	002cf3e0	iso2022_jp_wctomb	undefined iso2022_jp_wctomb()
FUNC	002cf58c	iso2022_jp_reset	undefined iso2022_jp_reset()
FUNC	002cf5d8	iso2022_jp1_mbtowc	undefined iso2022_jp1_mbtowc()
DATA	002cf704	switchdataD_002cf704	uint	4
FUNC	002cf860	iso2022_jp1_wctomb	undefined iso2022_jp1_wctomb()
FUNC	002cfaa4	iso2022_jp1_reset	undefined iso2022_jp1_reset()
FUNC	002cfaf0	iso2022_jp2_mbtowc	undefined iso2022_jp2_mbtowc()
DATA	002cfde4	switchdataD_002cfde4	uint	4
FUNC	002d00c8	iso2022_jp2_wctomb	undefined iso2022_jp2_wctomb()
DATA	002d0368	switchdataD_002d0368	uint	4
FUNC	002d08a8	iso2022_jp2_reset	undefined iso2022_jp2_reset()
FUNC	002d0908	cp50221_0208_ext_mbtowc	undefined cp50221_0208_ext_mbtowc()
FUNC	002d0958	cp50221_0208_ext_wctomb	undefined cp50221_0208_ext_wctomb()
FUNC	002d0ab8	cp50221_0212_ext_mbtowc	undefined cp50221_0212_ext_mbtowc()
FUNC	002d0b1c	cp50221_0212_ext_wctomb	undefined cp50221_0212_ext_wctomb()
FUNC	002d0edc	iso2022_jpms_mbtowc	undefined iso2022_jpms_mbtowc()
DATA	002d1090	switchdataD_002d1090	uint	4
FUNC	002d1408	iso2022_jpms_wctomb	undefined iso2022_jpms_wctomb()
FUNC	002d1800	iso2022_jpms_reset	undefined iso2022_jpms_reset()
FUNC	002d184c	euc_cn_mbtowc	undefined euc_cn_mbtowc()
FUNC	002d18d8	euc_cn_wctomb	undefined euc_cn_wctomb()
FUNC	002d1954	ces_gbk_mbtowc	undefined ces_gbk_mbtowc()
FUNC	002d19b4	ces_gbk_wctomb	undefined ces_gbk_wctomb()
FUNC	002d1a28	cp936_mbtowc	undefined cp936_mbtowc()
FUNC	002d1b44	cp936_wctomb	undefined cp936_wctomb()
FUNC	002d1c80	gb18030ext_mbtowc	undefined gb18030ext_mbtowc()
FUNC	002d20bc	gb18030ext_wctomb	undefined gb18030ext_wctomb()
FUNC	002d2508	gb18030uni_mbtowc	undefined gb18030uni_mbtowc()
FUNC	002d267c	gb18030uni_wctomb	undefined gb18030uni_wctomb()
FUNC	002d2804	gb18030_mbtowc	undefined gb18030_mbtowc()
FUNC	002d2a2c	gb18030_wctomb	undefined gb18030_wctomb()
FUNC	002d2d40	iso2022_cn_mbtowc	undefined iso2022_cn_mbtowc()
FUNC	002d3048	iso2022_cn_wctomb	undefined iso2022_cn_wctomb()
FUNC	002d3350	iso2022_cn_reset	undefined iso2022_cn_reset()
FUNC	002d33a0	iso2022_cn_ext_mbtowc	undefined iso2022_cn_ext_mbtowc()
DATA	002d3634	switchdataD_002d3634	uint	4
DATA	002d3968	switchdataD_002d3968	uint	4
DATA	002d396c	UINT_002d396c	uint	4
FUNC	002d3a40	iso2022_cn_ext_wctomb	undefined iso2022_cn_ext_wctomb()
FUNC	002d4168	iso2022_cn_ext_reset	undefined iso2022_cn_ext_reset()
FUNC	002d41c0	hz_mbtowc	undefined hz_mbtowc()
FUNC	002d42fc	hz_wctomb	undefined hz_wctomb()
FUNC	002d441c	hz_reset	undefined hz_reset()
FUNC	002d4460	euc_tw_mbtowc	undefined euc_tw_mbtowc()
DATA	002d4554	switchdataD_002d4554	uint	4
FUNC	002d4650	euc_tw_wctomb	undefined euc_tw_wctomb()
FUNC	002d470c	ces_big5_mbtowc	undefined ces_big5_mbtowc()
FUNC	002d4790	ces_big5_wctomb	undefined ces_big5_wctomb()
FUNC	002d4804	cp950ext_mbtowc	undefined cp950ext_mbtowc()
FUNC	002d48c0	cp950ext_wctomb	undefined cp950ext_wctomb()
FUNC	002d4b18	cp950_mbtowc	undefined cp950_mbtowc()
FUNC	002d4ce0	cp950_wctomb	undefined cp950_wctomb()
FUNC	002d5080	hkscs1999_mbtowc	undefined hkscs1999_mbtowc()
FUNC	002d5260	hkscs1999_wctomb	undefined hkscs1999_wctomb()
FUNC	002d55b4	big5hkscs1999_mbtowc	undefined big5hkscs1999_mbtowc()
FUNC	002d56f8	big5hkscs1999_wctomb	undefined big5hkscs1999_wctomb()
FUNC	002d5890	big5hkscs1999_reset	undefined big5hkscs1999_reset()
FUNC	002d58d4	hkscs2001_mbtowc	undefined hkscs2001_mbtowc()
FUNC	002d59a0	hkscs2001_wctomb	undefined hkscs2001_wctomb()
FUNC	002d639c	big5hkscs2001_mbtowc	undefined big5hkscs2001_mbtowc()
FUNC	002d64fc	big5hkscs2001_wctomb	undefined big5hkscs2001_wctomb()
FUNC	002d66e0	big5hkscs2001_reset	undefined big5hkscs2001_reset()
FUNC	002d6724	hkscs2004_mbtowc	undefined hkscs2004_mbtowc()
FUNC	002d6844	hkscs2004_wctomb	undefined hkscs2004_wctomb()
FUNC	002d72d0	big5hkscs2004_mbtowc	undefined big5hkscs2004_mbtowc()
FUNC	002d7448	big5hkscs2004_wctomb	undefined big5hkscs2004_wctomb()
FUNC	002d767c	big5hkscs2004_reset	undefined big5hkscs2004_reset()
FUNC	002d76c0	hkscs2008_mbtowc	undefined hkscs2008_mbtowc()
FUNC	002d778c	hkscs2008_wctomb	undefined hkscs2008_wctomb()
FUNC	002d7f50	big5hkscs2008_mbtowc	undefined big5hkscs2008_mbtowc()
FUNC	002d80e4	big5hkscs2008_wctomb	undefined big5hkscs2008_wctomb()
FUNC	002d8364	big5hkscs2008_reset	undefined big5hkscs2008_reset()
FUNC	002d83a8	euc_kr_mbtowc	undefined euc_kr_mbtowc()
FUNC	002d8434	euc_kr_wctomb	undefined euc_kr_wctomb()
FUNC	002d84b0	uhc_1_mbtowc	undefined uhc_1_mbtowc()
FUNC	002d8590	uhc_1_wctomb	undefined uhc_1_wctomb()
FUNC	002d86d4	uhc_2_mbtowc	undefined uhc_2_mbtowc()
FUNC	002d87bc	uhc_2_wctomb	undefined uhc_2_wctomb()
FUNC	002d8900	cp949_mbtowc	undefined cp949_mbtowc()
FUNC	002d89f8	cp949_wctomb	undefined cp949_wctomb()
FUNC	002d8b10	johab_mbtowc	undefined johab_mbtowc()
FUNC	002d8c38	johab_wctomb	undefined johab_wctomb()
FUNC	002d8d70	iso2022_kr_mbtowc	undefined iso2022_kr_mbtowc()
FUNC	002d8f3c	iso2022_kr_wctomb	undefined iso2022_kr_wctomb()
FUNC	002d90b8	iso2022_kr_reset	undefined iso2022_kr_reset()
FUNC	002d9100	unicode_transliterate	undefined unicode_transliterate()
FUNC	002d992c	uc_to_mb_write_replacement	undefined uc_to_mb_write_replacement()
FUNC	002d9984	mb_to_uc_write_replacement	undefined mb_to_uc_write_replacement()
FUNC	002d9aec	unicode_loop_convert	undefined unicode_loop_convert()
DATA	002d9b68	switchdataD_002d9b68	uint	4
DATA	002d9be0	switchdataD_002d9be0	uint	4
FUNC	002d9e90	unicode_loop_reset	undefined unicode_loop_reset()
FUNC	002da0c0	wc_to_mb_write_replacement	undefined wc_to_mb_write_replacement()
FUNC	002da118	wchar_from_loop_convert	undefined wchar_from_loop_convert()
FUNC	002da358	wchar_from_loop_reset	undefined wchar_from_loop_reset()
FUNC	002da3ac	mb_to_wc_write_replacement	undefined mb_to_wc_write_replacement()
FUNC	002da414	wchar_to_loop_convert	undefined wchar_to_loop_convert()
FUNC	002da628	wchar_to_loop_reset	undefined wchar_to_loop_reset()
FUNC	002da66c	wchar_id_loop_convert	undefined wchar_id_loop_convert()
FUNC	002da714	wchar_id_loop_reset	undefined wchar_id_loop_reset()
FUNC	002da730	aliases_hash	undefined aliases_hash()
DATA	002da744	switchdataD_002da744	uint	4
FUNC	002da858	aliases_lookup	undefined aliases_lookup()
FUNC	002da8c4	libiconv_open	undefined libiconv_open()
FUNC	002dad1c	libiconv	undefined libiconv()
FUNC	002dad68	libiconv_close	undefined libiconv_close()
FUNC	002dad84	libiconv_open_into	undefined libiconv_open_into()
FUNC	002db1b4	libiconvctl	undefined libiconvctl()
DATA	002db1d4	switchdataD_002db1d4	uint	4
FUNC	002db2f0	compare_by_index	undefined compare_by_index()
FUNC	002db31c	compare_by_name	undefined compare_by_name()
FUNC	002db394	libiconvlist	undefined libiconvlist()
FUNC	002db614	iconv_canonicalize	undefined iconv_canonicalize()
FUNC	002db79c	locale_charset	undefined locale_charset()
FUNC	002db7d8	__aeabi_uidiv	undefined __aeabi_uidiv()
FUNC	002db9c4	__aeabi_uidivmod	undefined __aeabi_uidivmod()
FUNC	002db9e4	__aeabi_idiv	undefined __aeabi_idiv()
FUNC	002db9ec	.divsi3_skip_div0_test	undefined .divsi3_skip_div0_test()
FUNC	002dbc04	__aeabi_idivmod	undefined __aeabi_idivmod()
FUNC	002dbc24	__aeabi_idiv0	undefined __aeabi_idiv0()
FUNC	002dbc34	__libc_csu_init	void __libc_csu_init(int argc, char * * argv, char * * envp)
DATA	002dbc8c	DAT_002dbc8c	undefined4	4
DATA	002dbc90	DAT_002dbc90	undefined4	4
FUNC	002dbc94	__libc_csu_fini	void __libc_csu_fini()
FUNC	002dbc98	_fini	undefined _fini()
DATA	002dbca0	_IO_stdin_used	int	4
DATA	002dbca4	s_%s/setting.xml_002dbca4	string	15
DATA	002dbcbc	s_displayfps_002dbcbc	string	11
DATA	002dbcc8	s_open_config.xml_fail!_002dbcc8	string	22
DATA	002dbce0	s_displayfps:%d_002dbce0	string	15
DATA	002dbcf0	s_displaythread_002dbcf0	string	14
DATA	002dbd00	s_softrotation_002dbd00	string	13
DATA	002dbd10	s_logfile_002dbd10	string	8
DATA	002dbd24	s_%s_creat_fail_002dbd24	string	15
DATA	002dbd34	s_%s_creat_002dbd34	string	10
DATA	002dbd40	s_savestatehotkey_002dbd40	string	16
DATA	002dbd50	s_autorestore_002dbd50	string	12
DATA	002dbd5c	s_gamemenuhotkey_002dbd5c	string	15
DATA	002dbd6c	s_autorun_002dbd6c	string	8
DATA	002dbd7c	s_driver_002dbd7c	string	7
DATA	002dbd84	s_/proc/self/exe_002dbd84	string	15
DATA	002dbd94	s_============================_002dbd94	string	30
DATA	002dbdb8	s_/proc/meminfo_002dbdb8	string	14
DATA	002dbdcc	s_============================_002dbdcc	string	29
DATA	002dbdec	s_shmget_failed_002dbdec	string	14
DATA	002dbdfc	s_shmat_failed_002dbdfc	string	13
DATA	002dbe0c	s_shmdt_failed_002dbe0c	string	13
DATA	002dbe1c	s_can't_create_XintiaoThread_proce_002dbe1c	string	44
DATA	002dbe4c	s_%08X_%3d%%_002dbe4c	string	11
DATA	002dbe64	s_100%_OK_002dbe64	string	20
DATA	002dbe78	s__002dbe78	string	13
DATA	002dbe88	s_Update_fail._002dbe88	string	14
DATA	002dbe98	s_%d-%d-%d_%d:%d:%d_002dbe98	string	19
DATA	002dbeb0	s_Load_%s_fail!_002dbeb0	string	15
DATA	002dbec0	s_%s_format_error!_002dbec0	string	18
DATA	002dbed4	s_%s,size:%08X,crc:%08X_002dbed4	string	23
DATA	002dbeec	s_time:_002dbeec	string	6
DATA	002dbef4	s_Alloc_memory_fail!_002dbef4	string	19
DATA	002dbf08	s_%08X_UPDATE_TO_%08X_002dbf08	string	21
DATA	002dbf20	s_%s_openzip_error!_002dbf20	string	19
DATA	002dbf34	s_REBOOT..._002dbf34	string	21
DATA	002dbf4c	s_/dev/input/js%d_002dbf4c	string	16
DATA	002dbf5c	s_USB_Joystick_%d_Closed_002dbf5c	string	24
DATA	002dbf74	s_USB_Joystick_%d_Opened_002dbf74	string	24
DATA	002dbf8c	s_JS%d_value_%6hd,_type:_%2u,_axis_002dbf8c	string	45
DATA	002dbfbc	s_USB_Joystick_Test:_002dbfbc	string	20
DATA	002dbfd0	s_E2BiG_002dbfd0	string	6
DATA	002dbfd8	s_EILSEQ_002dbfd8	string	7
DATA	002dbfe0	s_EINVAL_002dbfe0	string	7
DATA	002dbfe8	s_%s/images/02.pcm_002dbfe8	string	17
DATA	002dbffc	s_%s/images/%02d.raw_002dbffc	string	19
DATA	002dc010	s_++++_AudioProcess_timer_over_%du_002dc010	string	40
DATA	002dc038	s_%s/images/02.raw_002dc038	string	17
DATA	002dc04c	s_file_size_is_%x_002dc04c	string	17
DATA	002dc060	s_open_%s_fail_002dc060	string	14
DATA	002dc070	s_compress_%x_%x_%x_%x_002dc070	string	22
DATA	002dc088	s_compress_finished_%x_%d_002dc088	string	25
DATA	002dc0a4	s_%02x_002dc0a4	string	6
DATA	002dc0ac	s_uncompress_%x_%x_%x_%x_002dc0ac	string	24
DATA	002dc0c4	s_uncompress_finished_%x_%d_002dc0c4	string	27
DATA	002dc0e0	s_%08x:_%02x_%02x_002dc0e0	string	17
DATA	002dc0f4	s_12345678901234567890123456789012_002dc0f4	string	51
DATA	002dc128	s_compess_error:_%d_002dc128	string	19
DATA	002dc13c	s_orignal_size:_%d,_compressed_siz_002dc13c	string	39
DATA	002dc164	s_garbage_002dc164	string	8
DATA	002dc16c	s_uncompress_error:_%d_002dc16c	string	22
DATA	002dc184	s_orignal_size:_%d,_uncompressed_s_002dc184	string	41
DATA	002dc1b0	s_BAD_uncompress!!!_002dc1b0	string	18
DATA	002dc1c4	s_uncompress()_succeed:_%s_002dc1c4	string	26
DATA	002dc1e0	s_rkgame_v1.42_002dc1e0	string	13
DATA	002dc1f0	s_directory:%s_appname:%s_002dc1f0	string	25
DATA	002dc20c	s_resource_002dc20c	string	12
DATA	002dc218	s_update/firmware.upk_002dc218	string	20
DATA	002dc22c	s_/USBJoystickTest_002dc22c	string	17
DATA	002dc240	s_/JoystickTest_002dc240	string	14
DATA	002dc270	s_/dev/mem_002dc270	string	9
DATA	002dc27c	s_CRU_CLKGATE8_CON:%x_002dc27c	string	21
DATA	002dc294	s_GRF_GPIO0A_IOMUX:%X_002dc294	string	21
DATA	002dc2ac	s_GRF_GPIO2A_IOMUX:%X_002dc2ac	string	21
DATA	002dc2c4	s_I:_Bus_002dc2c4	string	7
DATA	002dc2cc	s_%d_Vendor=%x_Product=%x_Version=_002dc2cc	string	35
DATA	002dc2f0	s_N:_Name_002dc2f0	string	8
DATA	002dc2f8	s_H:_Handlers_002dc2f8	string	12
DATA	002dc304	s_/proc/bus/input/devices_002dc304	string	24
DATA	002dc31c	s_%s_%04x_%04x_%x_js%d_Closed_002dc31c	string	29
DATA	002dc344	s_%s_%04x_%04x_%x_js%d_Opened!_002dc344	string	30
DATA	002dc364	s_RF_IC_Test_Pass!_002dc364	string	18
DATA	002dc378	s_RF_IC_Test_Fail_!_002dc378	string	19
DATA	002dc38c	s_Failed_to_initialize_GPIO_002dc38c	string	27
DATA	002dc3a8	s_/dev/input/js0_002dc3a8	string	15
DATA	002dc3b8	s_/dev/input/js1_002dc3b8	string	15
DATA	002dc3c8	s_/dev/input/js2_002dc3c8	string	15
DATA	002dc3d8	s_/dev/input/js3_002dc3d8	string	15
DATA	002dc3e8	s_find_%s_process_fail_002dc3e8	string	23
DATA	002dc400	s_%s/driver.so_002dc400	string	13
DATA	002dc410	s_open_driver.so_sucess_002dc410	string	22
DATA	002dc428	s_video_driver_setting_002dc428	string	21
DATA	002dc440	s_can't_find_video_driver_setting_p_002dc440	string	37
DATA	002dc468	s_video_drivers_init_002dc468	string	19
DATA	002dc47c	s_video_driver_disp_frame_002dc47c	string	24
DATA	002dc494	s_can't_find_video_driver_disp_fra_002dc494	string	40
DATA	002dc4bc	s_video_driver_setmode_002dc4bc	string	21
DATA	002dc4d4	s_can't_find_video_driver_setmode_p_002dc4d4	string	37
DATA	002dc4fc	s_video_driver_get_size_002dc4fc	string	22
DATA	002dc514	s_can't_find_video_driver_get_size_002dc514	string	38
DATA	002dc53c	s_can't_create_DoubleFrame_Display_002dc53c	string	42
DATA	002dc568	s_open_driver.so_fail,_%s._002dc568	string	26
DATA	002dc584	s_video_driver_set_rotation:_%X_002dc584	string	31
DATA	002dc5a4	s_video_driver_deinit_002dc5a4	string	20
DATA	002dc5b8	s_sound_driver_init_002dc5b8	string	18
DATA	002dc5cc	s_can't_find_sound_driver_init_pro_002dc5cc	string	34
DATA	002dc5f0	s_sound_driver_playframe_002dc5f0	string	23
DATA	002dc608	s_can't_find_sound_driver_playfram_002dc608	string	39
DATA	002dc630	s_sound_driver_deinit_002dc630	string	20
DATA	002dc644	s_oversubscribed_dynamic_bit_lengt_002dc644	string	40
DATA	002dc66c	s_incomplete_dynamic_bit_lengths_t_002dc66c	string	36
DATA	002dc690	s_oversubscribed_literal/length_tr_002dc690	string	35
DATA	002dc6b4	s_incomplete_literal/length_tree_002dc6b4	string	31
DATA	002dc6d4	s_oversubscribed_distance_tree_002dc6d4	string	29
DATA	002dc6f4	s_incomplete_distance_tree_002dc6f4	string	25
DATA	002dc710	s_empty_distance_tree_with_lengths_002dc710	string	33
DATA	002dc734	s_invalid_distance_code_002dc734	string	22
DATA	002dc74c	s_invalid_literal/length_code_002dc74c	string	28
DATA	002dc768	s_invalid_block_type_002dc768	string	19
DATA	002dc79c	s_too_many_length_or_distance_symb_002dc79c	string	36
DATA	002dc7c0	s_invalid_bit_length_repeat_002dc7c0	string	26
DATA	002dc7dc	s_1.1.3_002dc7dc	string	6
DATA	002dc7e4	s_unknown_compression_method_002dc7e4	string	27
DATA	002dc800	s_invalid_window_size_002dc800	string	20
DATA	002dc814	s_incorrect_header_check_002dc814	string	23
DATA	002dc82c	s_need_dictionary_002dc82c	string	16
DATA	002dc83c	s_incorrect_data_check_002dc83c	string	21
DATA	002dc85c	s_unknown_zip_result_code_002dc85c	string	24
DATA	002dc874	s_Success_002dc874	string	8
DATA	002dc87c	s_Culdn't_duplicate_handle_002dc87c	string	25
DATA	002dc898	s_Couldn't_create/open_file_002dc898	string	26
DATA	002dc8b4	s_Failed_to_allocate_memory_002dc8b4	string	26
DATA	002dc8d0	s_Error_writing_to_file_002dc8d0	string	22
DATA	002dc8e8	s_File_not_found_in_the_zipfile_002dc8e8	string	30
DATA	002dc908	s_Still_more_data_to_unzip_002dc908	string	25
DATA	002dc924	s_Zipfile_is_corrupt_or_not_a_zipf_002dc924	string	36
DATA	002dc948	s_Error_reading_file_002dc948	string	19
DATA	002dc95c	s_Caller:_faulty_arguments_002dc95c	string	25
DATA	002dc978	s_Caller:_the_file_had_already_bee_002dc978	string	53
DATA	002dc9b0	s_Caller:_can_only_get_memory_of_a_002dc9b0	string	48
DATA	002dc9e0	s_Caller:_not_enough_space_allocat_002dc9e0	string	54
DATA	002dca18	s_Caller:_there_was_a_previous_err_002dca18	string	35
DATA	002dca3c	s_Caller:_additions_to_the_zip_hav_002dca3c	string	53
DATA	002dca74	s_Caller:_mixing_creation_and_open_002dca74	string	43
DATA	002dcaa0	s_Zip-bug:_internal_initialisation_002dcaa0	string	47
DATA	002dcad0	s_Zip-bug:_trying_to_seek_the_unse_002dcad0	string	39
DATA	002dcaf8	s_Zip-bug:_the_anticipated_size_tu_002dcaf8	string	47
DATA	002dcb28	s_Zip-bug:_tried_to_change_mind,_b_002dcb28	string	47
DATA	002dcb58	s_Zip-bug:_an_internal_error_durin_002dcb58	string	42
DATA	002dcb84	s_stream_end_002dcb84	string	11
DATA	002dcb90	s_file_error_002dcb90	string	11
DATA	002dcb9c	s_stream_error_002dcb9c	string	13
DATA	002dcbac	s_data_error_002dcbac	string	11
DATA	002dcbb8	s_insufficient_memory_002dcbb8	string	20
DATA	002dcbcc	s_buffer_error_002dcbcc	string	13
DATA	002dcbdc	s_incompatible_version_002dcbdc	string	21
DATA	002dcbf4	s_%s/%s/%s.dat_002dcbf4	string	13
DATA	002dcc04	s_%s_%03d.raw_002dcc04	string	12
DATA	002dcc10	s_SELECT_002dcc10	string	7
DATA	002dcc18	s_START_002dcc18	string	6
DATA	002dcc30	s_RIGHT_002dcc30	string	6
DATA	002dcc38	s_RESET_002dcc38	string	6
DATA	002dcc40	s_utf-8_002dcc40	string	6
DATA	002dcc48	s_GB2312_002dcc48	string	7
DATA	002dcc50	s_Filetype_%d_002dcc50	string	13
DATA	002dcc68	s_zipcount_%d_002dcc68	string	13
DATA	002dcc78	s_FilenameExt_%s_002dcc78	string	16
DATA	002dcc88	s_open_%s_fail!_002dcc88	string	15
DATA	002dcc98	s_%s_open_fail_002dcc98	string	15
DATA	002dcca8	s_open_setting.xml_fail!_002dcca8	string	24
DATA	002dccc0	s_config_002dccc0	string	7
DATA	002dccc8	s_language_002dccc8	string	9
DATA	002dccd4	s_volume_002dccd4	string	7
DATA	002dccdc	s_defaultlanguage_002dccdc	string	16
DATA	002dccec	s_sound_002dccec	string	6
DATA	002dccf8	s_%s/%s_002dccf8	string	6
DATA	002dcd00	s_effect0_002dcd00	string	8
DATA	002dcd08	s_effect1_002dcd08	string	8
DATA	002dcd10	s_filebrowser_002dcd10	string	12
DATA	002dcd1c	DAT_002dcd1c	undefined4	4
DATA	002dcd20	DAT_002dcd20	undefined4	4
DATA	002dcd24	s_joystick_002dcd24	string	9
DATA	002dcd30	s_cores_002dcd30	string	8
DATA	002dcd38	s_index_002dcd38	string	6
DATA	002dcd40	s_button_002dcd40	string	7
DATA	002dcd48	s_value_002dcd48	string	6
DATA	002dcd54	s_extname_002dcd54	string	8
DATA	002dcd64	s_corename_002dcd64	string	9
DATA	002dcd78	s_filename_002dcd78	string	9
DATA	002dcd84	s_gamelist_002dcd84	string	9
DATA	002dcd90	DAT_002dcd90	undefined4	4
DATA	002dcd94	DAT_002dcd94	undefined4	4
DATA	002dcd98	DAT_002dcd98	undefined4	4
DATA	002dcd9c	DAT_002dcd9c	undefined4	4
DATA	002dcda0	DAT_002dcda0	undefined4	4
DATA	002dcda4	DAT_002dcda4	undefined4	4
DATA	002dcda8	DAT_002dcda8	undefined4	4
DATA	002dcdac	s_ENGLISH_002dcdac	string	8
DATA	002dcdb4	s_ui_en.zip_002dcdb4	string	10
DATA	002dcdc0	s_cores/filelist.xml_002dcdc0	string	20
DATA	002dcdd4	s_open_cores/filelist.xml_fail!_002dcdd4	string	31
DATA	002dcdf4	s_find_%s_fail_002dcdf4	string	14
DATA	002dce04	s_%s/favorites.lst_002dce04	string	17
DATA	002dce1c	s_%s;%s;%s;%s;%s_002dce1c	string	16
DATA	002dce2c	s_%03d/%s_002dce2c	string	8
DATA	002dce3c	s_%3d/%3d_002dce3c	string	8
DATA	002dce44	DAT_002dce44	undefined4	4
DATA	002dce48	DAT_002dce48	undefined4	4
DATA	002dce4c	s_%04d.%s_002dce4c	string	8
DATA	002dcea4	DAT_002dcea4	undefined4	4
DATA	002dcea8	DAT_002dcea8	undefined4	4
DATA	002dceac	DAT_002dceac	undefined4	4
DATA	002dceb0	s_find_font.ttf_in_%s_fail_002dceb0	string	26
DATA	002dcecc	s_%s/font.ttf_002dcecc	string	12
DATA	002dced8	s_Open_font_file_failed._002dced8	string	23
DATA	002dcef0	DAT_002dcef0	undefined2	2
DATA	002dcef4	s_ui.cfg_002dcef4	string	7
DATA	002dcefc	s_find_ui.cfg_in_%s_fail_002dcefc	string	24
DATA	002dcf14	s_ARCADE_002dcf14	string	7
DATA	002dcf1c	s_GameSum_rect_002dcf1c	string	13
DATA	002dcf2c	s_%d,%d,%d,%d_002dcf2c	string	12
DATA	002dcf38	s_GameSum_fontsize_002dcf38	string	17
DATA	002dcf50	s_GameSum_fontcolor_002dcf50	string	18
DATA	002dcf64	s_TypeName_Name_002dcf64	string	14
DATA	002dcf74	s_TypeName_rect_002dcf74	string	14
DATA	002dcf84	s_TypeName_fontsize_002dcf84	string	18
DATA	002dcf98	s_TypeName_fontcolor_002dcf98	string	19
DATA	002dcfac	s_GameList_count_002dcfac	string	15
DATA	002dcfbc	s_GameList_fontsize_002dcfbc	string	18
DATA	002dcfd0	s_GameList_fontcolor_002dcfd0	string	19
DATA	002dcfe4	s_GameList_selectsize_002dcfe4	string	20
DATA	002dcff8	s_GameList_list_%d_002dcff8	string	17
DATA	002dd00c	s_GameList_selectcolor_002dd00c	string	21
DATA	002dd024	s_GameList_starxoffset_002dd024	string	21
DATA	002dd03c	s_GameList_staryoffset_002dd03c	string	21
DATA	002dd054	s_GameList_starsize_002dd054	string	18
DATA	002dd068	s_GameList_starcolor_002dd068	string	19
DATA	002dd07c	s_GameList_starcode_002dd07c	string	18
DATA	002dd090	s_Thumbnail_region_002dd090	string	17
DATA	002dd0a4	s_SearchInput_rect_002dd0a4	string	17
DATA	002dd0b8	s_SearchInput_fontsize_002dd0b8	string	21
DATA	002dd0d0	s_SearchInput_fontcolor_002dd0d0	string	22
DATA	002dd0e8	s_SearchInput_CursorSize_002dd0e8	string	23
DATA	002dd100	s_SearchInput_CursorColor_002dd100	string	24
DATA	002dd118	s_SearchInput_CursorCode_002dd118	string	23
DATA	002dd130	s_SearchInput_MoveTable_%d_002dd130	string	25
DATA	002dd14c	s_%d,%d,%d,%d,%d_002dd14c	string	15
DATA	002dd15c	s_Setting_CheckCode_002dd15c	string	18
DATA	002dd170	s_Setting_UncheckCode_002dd170	string	20
DATA	002dd184	s_Setting_CheckColor_002dd184	string	19
DATA	002dd198	s_Setting_CheckSize_002dd198	string	18
DATA	002dd1ac	s_Setting_LanguageRect_002dd1ac	string	21
DATA	002dd1c4	s_Setting_LanguageFontColor_002dd1c4	string	26
DATA	002dd1e0	s_Setting_LanguageFontSize_002dd1e0	string	25
DATA	002dd1fc	s_Setting_FilelistRect_002dd1fc	string	21
DATA	002dd214	s_Setting_FilelistFontSize_002dd214	string	25
DATA	002dd230	s_Setting_FilelistFontColor_002dd230	string	26
DATA	002dd24c	s_Setting_FilelistSelectFontSize_002dd24c	string	31
DATA	002dd26c	s_Setting_FilelistSelectFontColor_002dd26c	string	32
DATA	002dd28c	s_Setting_FilelistPageLines_002dd28c	string	26
DATA	002dd2a8	s_Setting_FilelistLineHigh_002dd2a8	string	25
DATA	002dd2c4	s_Setting_RecoverRect_002dd2c4	string	20
DATA	002dd2d8	s_Setting_RecoverFontSize_002dd2d8	string	24
DATA	002dd2f0	s_Setting_RecoverFontColor_002dd2f0	string	25
DATA	002dd30c	s_Setting_RecoverInfo1_002dd30c	string	21
DATA	002dd324	DAT_002dd324	undefined4	4
DATA	002dd328	DAT_002dd328	undefined4	4
DATA	002dd32c	DAT_002dd32c	undefined4	4
DATA	002dd330	DAT_002dd330	undefined4	4
DATA	002dd334	DAT_002dd334	undefined4	4
DATA	002dd338	DAT_002dd338	undefined4	4
DATA	002dd33c	DAT_002dd33c	undefined4	4
DATA	002dd340	DAT_002dd340	undefined4	4
DATA	002dd344	DAT_002dd344	undefined4	4
DATA	002dd348	DAT_002dd348	undefined4	4
DATA	002dd34c	DAT_002dd34c	undefined4	4
DATA	002dd350	DAT_002dd350	undefined4	4
DATA	002dd354	s_Warning:Restore_the_default_and_a_002dd354	string	58
DATA	002dd390	s_Setting_RecoverInfo2_002dd390	string	21
DATA	002dd3a8	DAT_002dd3a8	undefined4	4
DATA	002dd3ac	DAT_002dd3ac	undefined4	4
DATA	002dd3b0	DAT_002dd3b0	undefined4	4
DATA	002dd3b4	DAT_002dd3b4	undefined4	4
DATA	002dd3b8	DAT_002dd3b8	undefined4	4
DATA	002dd3bc	DAT_002dd3bc	undefined4	4
DATA	002dd3c0	DAT_002dd3c0	undefined4	4
DATA	002dd3c4	DAT_002dd3c4	undefined4	4
DATA	002dd3c8	s_Confirm_to_press_A_to_restore_th_002dd3c8	string	42
DATA	002dd3f4	s_Game_ThumbnailRect_002dd3f4	string	19
DATA	002dd408	s_Game_VideoRect_002dd408	string	15
DATA	002dd418	s_Game_VideoFontSize_002dd418	string	19
DATA	002dd42c	s_Game_VideoFontColor_002dd42c	string	20
DATA	002dd440	s_Game_JoystickTab%d_002dd440	string	19
DATA	002dd454	s_%d,%d,%d,%d,%d,%d,%d,%d_002dd454	string	24
DATA	002dd46c	s_%s/menu.log_002dd46c	string	12
DATA	002dd478	s_System_Volume_Information_002dd478	string	26
DATA	002dd49c	s_The_specified_file_is_missing_002dd49c	string	30
DATA	002dd4bc	s_Select_a_emulator_core_library_002dd4bc	string	31
DATA	002dd4dc	s_cores/config.xml_002dd4dc	string	20
DATA	002dd4f0	s_open_config.xml_fail!_002dd4f0	string	23
DATA	002dd510	s_supported_extensions_002dd510	string	21
DATA	002dd528	s_emucore_002dd528	string	8
DATA	002dd530	s_**_Cannot_initialize_MP3_decoder_002dd530	string	36
DATA	002dd554	s_filelist_run_game:%s_002dd554	string	22
DATA	002dd56c	s_find_%s_miss_002dd56c	string	14
DATA	002dd57c	s_can't_create_mui_SoundplayThread_002dd57c	string	51
DATA	002dd5b0	s_can't_create_mui_DisplayThread_p_002dd5b0	string	49
DATA	002dd5e4	s_mui_run_game:%s_002dd5e4	string	17
DATA	002dd5f8	s_RomName:%s_002dd5f8	string	12
DATA	002dd604	s_%s/recent.lst_002dd604	string	14
DATA	002dd614	s_menu.raw_002dd614	string	9
DATA	002dd620	s_%s/root.dat_002dd620	string	12
DATA	002dd62c	s_fileinfo.txt_002dd62c	string	13
DATA	002dd63c	s_find_%s_fail!_002dd63c	string	15
DATA	002dd64c	DAT_002dd64c	undefined2	2
DATA	002dd650	s_mui_menu_exit_back_to_here..._002dd650	string	32
DATA	002dd670	s_type.raw_002dd670	string	9
DATA	002dd67c	s_%s/%03d/%03d.dat_002dd67c	string	17
DATA	002dd690	s_find_%s_ok!_002dd690	string	13
DATA	002dd6a0	s_filelist.txt_002dd6a0	string	13
DATA	002dd6b0	s_search.raw_002dd6b0	string	11
DATA	002dd6bc	s_[%d.%06d]_++++_AudioProcess_time_002dd6bc	string	50
DATA	002dd6f0	s_%ssaves/%03d/%s.sav_002dd6f0	string	20
DATA	002dd704	s_SaveDefaultState:%s_002dd704	string	21
DATA	002dd71c	s_%ssaves/%s/%s.scf_002dd71c	string	18
DATA	002dd730	s_Load_%s_002dd730	string	9
DATA	002dd73c	s_%ssaves/%s/default.scf_002dd73c	string	23
DATA	002dd754	s_%ssaves_002dd754	string	8
DATA	002dd75c	s_%ssaves/%s_002dd75c	string	11
DATA	002dd768	s_Save_%s_002dd768	string	9
DATA	002dd774	s_01_%s:_%2.2f%%_002dd774	string	16
DATA	002dd784	s_Loading:_%2.2f%%_002dd784	string	17
DATA	002dd798	s_00_Loading_%s_002dd798	string	15
DATA	002dd7a8	s_Loading_%s_002dd7a8	string	19
DATA	002dd7bc	s_%2.2f%%_002dd7bc	string	13
DATA	002dd7cc	s_%2.2f%%_002dd7cc	string	12
DATA	002dd7d8	s_%s/joystick.zip_002dd7d8	string	16
DATA	002dd7e8	s_%04x_%04x_%04x_002dd7e8	string	15
DATA	002dd7f8	s_%04x_%04x_002dd7f8	string	10
DATA	002dd804	s_JoystickTest_002dd804	string	14
DATA	002dd814	s_joystick.raw_002dd814	string	13
DATA	002dd824	s_find_joystick.raw_fail_002dd824	string	24
DATA	002dd83c	s_setting.raw_002dd83c	string	12
DATA	002dd848	s_mui_file_list_path:%s_002dd848	string	23
DATA	002dd864	s_SeletEmuCore_%s_002dd864	string	17
DATA	002dd87c	s_root_path:%s_002dd87c	string	14
DATA	002dd890	s_game.raw_002dd890	string	9
DATA	002dd89c	s_VideoFull:%d_002dd89c	string	14
DATA	002dd8ac	s_%sstates/%s/%s.sv%d_002dd8ac	string	20
DATA	002dd8c0	s_%sstates_002dd8c0	string	9
DATA	002dd8cc	s_%sstates/%s_002dd8cc	string	12
DATA	002dd8f8	s_ATARI_002dd8f8	string	6
DATA	002dd970	s_Emurun_[%d.%06d]_++++_Sound_play_002dd970	string	55
DATA	002dd9a8	s_gpsp_unzip:%s_to_%x_002dd9a8	string	21
DATA	002dd9c0	s_Open_ZIP_file_ok_002dd9c0	string	18
DATA	002dd9d4	s_UnzipItem_success!_002dd9d4	string	20
DATA	002dd9e8	s_UnzipItem_failed_002dd9e8	string	18
DATA	002dd9fc	s_saves_002dd9fc	string	8
DATA	002dda04	s_%.02f_%.02f_002dda04	string	12
DATA	002dda10	s_retro_set_video_refresh_002dda10	string	24
DATA	002dda28	s_retro_set_audio_sample_batch_002dda28	string	29
DATA	002dda48	s_retro_set_input_state_002dda48	string	22
DATA	002dda60	s_retro_set_environment_002dda60	string	22
DATA	002dda78	s_retro_set_input_poll_002dda78	string	21
DATA	002dda90	s_retro_init_002dda90	string	11
DATA	002dda9c	s_open_%s_fail,%s_002dda9c	string	18
DATA	002ddab0	s_retro_get_region_002ddab0	string	17
DATA	002ddac4	s_pal_ntsc:%d_002ddac4	string	13
DATA	002ddad4	s_retro_run_002ddad4	string	10
DATA	002ddae0	s_SetFrameSkip_002ddae0	string	13
DATA	002ddaf0	s_find_retro_get_region_process_fa_002ddaf0	string	37
DATA	002ddb18	s_find__SetFrameSkip_process_002ddb18	string	28
DATA	002ddb34	s_retro_unload_game_002ddb34	string	18
DATA	002ddb48	s_retro_deinit_002ddb48	string	13
DATA	002ddb58	s_%s/cores/libemu_sfc.so_002ddb58	string	23
DATA	002ddb70	s_Loading_%s_..._002ddb70	string	19
DATA	002ddb84	s_retro_load_game_002ddb84	string	16
DATA	002ddb94	s_find_retro_load_game_process_fai_002ddb94	string	36
DATA	002ddbb8	s_%s/cores/libemu_tgbdual.so_002ddbb8	string	27
DATA	002ddbd4	s_%s/cores/libemu_prosystem.so_002ddbd4	string	29
DATA	002ddbf4	s_%s/cores/libemu_stella.so_002ddbf4	string	26
DATA	002ddc10	s_%s/cores/libemu_pcsx.so_002ddc10	string	24
DATA	002ddc28	s_%s/cores/%s_002ddc28	string	12
DATA	002ddc34	s_retro_is_support_002ddc34	string	17
DATA	002ddc48	s_retro_set_progress_callback_002ddc48	string	28
DATA	002ddc64	s_use_%s_to_run_%s_002ddc64	string	18
DATA	002ddc78	s_%s_unsupport._002ddc78	string	15
DATA	002ddc88	s_Exit_fba_here_002ddc88	string	16
DATA	002ddc98	s_with_cores:%s_002ddc98	string	15
DATA	002ddca8	s_%s/cores/%s.cfg_002ddca8	string	16
DATA	002ddcb8	s_unsupport_this_game_rom_002ddcb8	string	25
DATA	002ddcd4	s_support_this_game_rom_002ddcd4	string	23
DATA	002ddcec	s_retro_set_controller_port_device_002ddcec	string	33
DATA	002ddd10	s_device0_type_002ddd10	string	13
DATA	002ddd20	s_device1_type_002ddd20	string	13
DATA	002ddd30	s_find_retro_set_controller_port_d_002ddd30	string	53
DATA	002ddd68	s_retcode:%d_002ddd68	string	12
DATA	002ddd7c	s_Gpsp_Load_002ddd7c	string	11
DATA	002ddd88	s_%s/cores/libemu_gpsp.so_002ddd88	string	24
DATA	002ddda0	s_retro_set_unzip_002ddda0	string	16
DATA	002dddb0	s_run_game_%s,%s_002dddb0	string	16
DATA	002dddc0	s_/000/_002dddc0	string	6
DATA	002dddc8	s_/game.cfg_002dddc8	string	12
DATA	002dddd4	s_autorun_%s_%s_002dddd4	string	15
DATA	002ddde4	s_Loading_nes_%s_..._002ddde4	string	22
DATA	002dddfc	s_%s/cores/libemu_nes.so_002dddfc	string	23
DATA	002dde14	s_Loading_%s_..._002dde14	string	18
DATA	002dde28	s_Loading_gbc_%s_..._002dde28	string	22
DATA	002dde40	s_%s/cores/emu_tgbdual.so_002dde40	string	24
DATA	002dde58	s_Loading_vrt_%s_..._002dde58	string	22
DATA	002dde70	s_%s/cores/libemu_vrt.so_002dde70	string	23
DATA	002dde88	s_%s/cores/libemu_md.so_002dde88	string	22
DATA	002ddea0	s_retro_serialize_size_002ddea0	string	21
DATA	002ddeb8	s_find_retro_serialize_size_proces_002ddeb8	string	41
DATA	002ddee4	s_retro_serialize_002ddee4	string	16
DATA	002ddef4	s_retro_save_state:%s_002ddef4	string	21
DATA	002ddf0c	s_find_retro_serialize_process_fai_002ddf0c	string	36
DATA	002ddf30	s_retro_unserialize_002ddf30	string	18
DATA	002ddf44	s_find_retro_unserialize_process_f_002ddf44	string	38
DATA	002ddf6c	s_libemu_neogeo.so_002ddf6c	string	17
DATA	002ddf80	s_libemu_capcom.so_002ddf80	string	17
DATA	002ddf94	s_libemu_pgm.so_002ddf94	string	14
DATA	002ddfa4	s_libemu_fba.so_002ddfa4	string	14
DATA	002ddfb4	s_libemu_cps2.so_002ddfb4	string	15
DATA	002ddfc4	s_libemu_extend.so_002ddfc4	string	17
DATA	002ddfd8	s_libemu_fbalpha.so_002ddfd8	string	18
DATA	002ddfec	s_libemu_fbalpha2012.so_002ddfec	string	22
DATA	002de004	s_libemu_mame2000.so_002de004	string	19
DATA	002de018	s_Unable_to_allocate_memory_for_at_002de018	string	60
DATA	002de054	s_Unable_to_add_entity_callback!_002de054	string	31
DATA	002de424	s_icirc_002de424	string	6
DATA	002de7b4	s_Bad_control_character_0x%02x_not_002de7b4	string	58
DATA	002de7f0	s_Invalid_UTF-8_sequence_for_chara_002de7f0	string	45
DATA	002de828	s_Entity_name_too_long_under_paren_002de828	string	40
DATA	002de850	s_Character_entity_"%s"_not_termin_002de850	string	56
DATA	002de888	s_Entity_name_"%s;"_not_supported_u_002de888	string	51
DATA	002de8bc	s_Bad_control_character_0x%02x_und_002de8bc	string	76
DATA	002de908	s_Unable_to_expand_string_buffer_t_002de908	string	44
DATA	002de934	s_integer_002de934	string	8
DATA	002de93c	s_(null)_002de93c	string	7
DATA	002de944	s_Unable_to_allocate_string_buffer_002de944	string	34
DATA	002de968	s_Bad_custom_value_'%s'_in_parent_<_002de968	string	38
DATA	002de990	s_Bad_%s_value_'%s'_in_parent_<%s>_002de990	string	34
DATA	002de9b4	s_Unable_to_add_value_node_of_type_002de9b4	string	52
DATA	002de9e8	s_Bare_<_in_element!_002de9e8	string	19
DATA	002dea00	s_![CDATA[_002dea00	string	9
DATA	002dea0c	s_<%s>_cannot_be_a_second_root_nod_002dea0c	string	45
DATA	002dea3c	s_Unable_to_add_comment_node_to_pa_002dea3c	string	43
DATA	002dea6c	s_Unable_to_add_CDATA_node_to_pare_002dea6c	string	41
DATA	002dea98	s_Unable_to_add_processing_instruc_002dea98	string	58
DATA	002dead4	s_Unable_to_add_declaration_node_t_002dead4	string	47
DATA	002deb04	s_Mismatched_close_tag_<%s>_under_p_002deb04	string	45
DATA	002deb34	s_Unable_to_add_element_node_to_pa_002deb34	string	43
DATA	002deb60	s_Unable_to_allocate_memory_for_na_002deb60	string	36
DATA	002deb84	s_Unable_to_allocate_memory_for_va_002deb84	string	37
DATA	002debac	s_Expected_'>'_after_'%c'_for_elem_002debac	string	54
DATA	002debe4	s_Bare_<_in_element_%s!_002debe4	string	22
DATA	002debfc	s_Missing_value_for_attribute_'%s'_002debfc	string	48
DATA	002dec2c	s_Expected_>_but_got_'%c'_instead_f_002dec2c	string	51
DATA	002dec60	s_Missing_close_tag_</%s>_under_pa_002dec60	string	43
DATA	002dec8c	s_Early_EOF_in_comment_node!_002dec8c	string	27
DATA	002deca8	s_Early_EOF_in_CDATA_node!_002deca8	string	25
DATA	002decc4	s_Early_EOF_in_processing_instruct_002decc4	string	42
DATA	002decf0	s_Early_EOF_in_declaration_node!_002decf0	string	31
DATA	002ded14	s_MXML_ELEMENT_002ded14	string	13
DATA	002ded24	s_MXML_INTEGER_002ded24	string	13
DATA	002ded34	s_MXML_OPAQUE_002ded34	string	12
DATA	002ded40	s_MXML_REAL_002ded40	string	10
DATA	002ded4c	s_MXML_TEXT_002ded4c	string	10
DATA	002ded64	s_Unable_to_allocate_%d_bytes_for_i_002ded64	string	43
DATA	002ded90	s_Unable_to_allocate_%d_bytes_for_i_002ded90	string	42
DATA	002dedbc	s_![CDATA[%s]]_002dedbc	string	13
DATA	002dedd0	s_?xml_version="%s"_encoding="utf-_002dedd0	string	36
DATA	002dedf4	s_mxml:_%s_002dedf4	string	10
DATA	002dee00	DAT_002dee00	undefined1	1
DATA	002dee04	s_ROM_Size:%08X_CRC32:%04X_002dee04	string	26
DATA	002dee20	s_Update_time:_002dee20	string	13
DATA	002dee30	DAT_002dee30	undefined1	1
DATA	002dee31	s_XDT8kluSPu6PvHIV2JhA1V4_002dee31	string	24
DATA	002dee4c	_ZL6cplens	undefined1	1
DATA	002dee4c	cplens	undefined1	1
DATA	002deec8	_ZL6cplext	undefined1[124]	124
DATA	002deec8	cplext	undefined1[124]	124
DATA	002def44	_ZL6cpdist	undefined1[120]	120
DATA	002def44	cpdist	undefined1[120]	120
DATA	002defbc	_ZL6cpdext	undefined1[120]	120
DATA	002defbc	cpdext	undefined1[120]	120
DATA	002df034	_ZL8fixed_tl	undefined1[4096]	4096
DATA	002df034	fixed_tl	undefined1[4096]	4096
DATA	002e0034	_ZL8fixed_td	undefined1[256]	256
DATA	002e0034	fixed_td	undefined1[256]	256
DATA	002e0134	_ZL12inflate_mask	undefined1[68]	68
DATA	002e0134	inflate_mask	undefined1[68]	68
DATA	002e0178	_ZL6border	undefined1[76]	76
DATA	002e0178	border	undefined1[76]	76
DATA	002e01c4	_ZL9crc_table	undefined1[1024]	1024
DATA	002e01c4	crc_table	undefined1[1024]	1024
DATA	002e05c4	mui_Rect	undefined4	4
DATA	002e05c8	DAT_002e05c8	undefined4	4
DATA	002e05cc	DAT_002e05cc	undefined4	4
DATA	002e05d0	DAT_002e05d0	undefined4	4
DATA	002e0674	m_Typetab	undefined1[180]	180
DATA	002e0728	GBAKeyMapping	undefined1[96]	96
DATA	002e0788	NESKeyMapping	undefined1[96]	96
DATA	002e07e8	SNESKeyMapping	undefined1[96]	96
DATA	002e07e8	GENSKeyMapping	undefined1[96]	96
DATA	002e07e8	DEFKeyMapping	undefined1[96]	96
DATA	002e0848	s_FULL_SCREEN_002e0848	string	12
DATA	002e0854	DAT_002e0854	undefined4	4
DATA	002e0858	DAT_002e0858	undefined4	4
DATA	002e085c	DAT_002e085c	undefined4	4
DATA	002e0860	DAT_002e0860	undefined4	4
DATA	002e0864	DAT_002e0864	undefined4	4
DATA	002e0888	FBA_index	undefined1	1
DATA	002e08a0	SNES_index	undefined1[24]	24
DATA	002e08b8	MD_index	undefined1[24]	24
DATA	002e08d0	STD_index	undefined1[24]	24
DATA	002e08e8	joy_key_mask	undefined1[64]	64
DATA	002e0f18	xmp3_sfBandTable	undefined *	4
DATA	002e11b4	xmp3_slotTab	undefined1[270]	270
DATA	002e12c4	xmp3_sideBytesTab	undefined1[12]	12
DATA	002e12d0	xmp3_bitsPerSlotTab	undefined6	6
DATA	002e12d8	xmp3_samplesPerFrameTab	undefined1[18]	18
DATA	002e12ec	xmp3_bitrateTab	undefined1[270]	270
DATA	002e13fc	xmp3_samplerateTab	undefined1[36]	36
DATA	002e1420	SFLenTab	undefined1	1
DATA	002e1440	NRTab	undefined1[72]	72
DATA	002e1488	xmp3_polyCoef	undefined1	1
DATA	002e18a8	xmp3_coef32	undefined1[124]	124
DATA	002e1924	xmp3_csa	undefined1[64]	64
DATA	002e1964	xmp3_uniqueIDTab	undefined8	8
DATA	002e196c	xmp3_ISFIIP	undefined1[16]	16
DATA	002e197c	xmp3_ISFMpeg2	undefined1[256]	256
DATA	002e1a7c	xmp3_ISFMpeg1	undefined1[56]	56
DATA	002e1ab4	xmp3_imdctWin	undefined1[576]	576
DATA	002e1cf4	c18	undefined1	1
DATA	002e1d10	DAT_002e1d10	undefined4	4
DATA	002e1d18	fastWin36	undefined1[72]	72
DATA	002e1d60	xmp3_quadTabMaxBits	undefined1	1
DATA	002e1d68	xmp3_quadTabOffset	undefined8	8
DATA	002e1d70	xmp3_quadTable	undefined1[80]	80
DATA	002e1dc0	xmp3_huffTabLookup	undefined1[256]	256
DATA	002e1ec0	xmp3_huffTabOffset	undefined1[128]	128
DATA	002e1f40	xmp3_huffTable	undefined1[8484]	8484
DATA	002e4064	pow43_14	undefined1	1
DATA	002e4164	pow14	undefined1[16]	16
DATA	002e4174	pow43	undefined1[192]	192
DATA	002e4234	pow2frac	undefined1[32]	32
DATA	002e4254	pow2exp	undefined1[32]	32
DATA	002e4274	preTab	undefined1[22]	22
DATA	002e428c	dcttab	undefined1	1
DATA	002e4304	DAT_002e4304	undefined4	4
DATA	002e4308	DAT_002e4308	undefined4	4
DATA	002e430c	DAT_002e430c	undefined4	4
DATA	002e4310	DAT_002e4310	undefined4	4
DATA	002e4314	DAT_002e4314	undefined4	4
DATA	002e4318	DAT_002e4318	undefined4	4
DATA	002e434c	direct_tab	undefined1	1
DATA	002e435c	xdirect_tab	undefined1[16]	16
DATA	002e436c	xbase64_tab	undefined1[16]	16
DATA	002e437c	iso8859_2_2uni	undefined1[192]	192
DATA	002e443c	iso8859_2_page00	undefined1[224]	224
DATA	002e451c	iso8859_2_page02	undefined1[32]	32
DATA	002e453c	iso8859_3_2uni	undefined1[192]	192
DATA	002e45fc	iso8859_3_page00	undefined1[96]	96
DATA	002e465c	iso8859_3_page01	undefined1[120]	120
DATA	002e46d4	iso8859_3_page02	undefined8	8
DATA	002e46dc	iso8859_4_2uni	undefined1[192]	192
DATA	002e479c	iso8859_4_page00	undefined1[224]	224
DATA	002e487c	iso8859_4_page02	undefined1[32]	32
DATA	002e489c	iso8859_5_2uni	undefined1[192]	192
DATA	002e495c	iso8859_5_page00	undefined1[16]	16
DATA	002e496c	iso8859_5_page04	undefined1[96]	96
DATA	002e49cc	iso8859_6_2uni	undefined1[192]	192
DATA	002e4a8c	iso8859_6_page00	undefined1[16]	16
DATA	002e4a9c	iso8859_6_page06	undefined1[80]	80
DATA	002e4aec	iso8859_7_2uni	undefined1[192]	192
DATA	002e4bac	iso8859_7_page00	undefined1[32]	32
DATA	002e4bcc	iso8859_7_page03	undefined1[88]	88
DATA	002e4c24	iso8859_7_page20	undefined1[16]	16
DATA	002e4c34	iso8859_8_2uni	undefined1[192]	192
DATA	002e4cf4	iso8859_8_page00	undefined1[88]	88
DATA	002e4d4c	iso8859_8_page05	undefined1[32]	32
DATA	002e4d6c	iso8859_8_page20	undefined1[16]	16
DATA	002e4d7c	iso8859_9_2uni	undefined1[96]	96
DATA	002e4ddc	iso8859_9_page00	undefined1[48]	48
DATA	002e4e0c	iso8859_9_page01	undefined1[72]	72
DATA	002e4e54	iso8859_10_2uni	undefined1[192]	192
DATA	002e4f14	iso8859_10_page00	undefined1[224]	224
DATA	002e4ff4	iso8859_13_2uni	undefined1[192]	192
DATA	002e50b4	iso8859_13_page00	undefined1[224]	224
DATA	002e5194	iso8859_13_page20	undefined8	8
DATA	002e519c	iso8859_14_2uni	undefined1[192]	192
DATA	002e525c	iso8859_14_page00	undefined1[96]	96
DATA	002e52bc	iso8859_14_page01_0	undefined1[32]	32
DATA	002e52dc	iso8859_14_page01_1	undefined1[16]	16
DATA	002e52ec	iso8859_14_page1e_0	undefined1[136]	136
DATA	002e5374	iso8859_14_page1e_1	undefined8	8
DATA	002e537c	iso8859_15_2uni	undefined1[64]	64
DATA	002e53bc	iso8859_15_page00	undefined1[32]	32
DATA	002e53dc	iso8859_15_page01	undefined1[48]	48
DATA	002e540c	iso8859_16_2uni	undefined1[192]	192
DATA	002e54cc	iso8859_16_page00	undefined1[224]	224
DATA	002e55ac	iso8859_16_page02	undefined8	8
DATA	002e55b4	iso8859_16_page20	undefined8	8
DATA	002e55bc	koi8_r_2uni	undefined1[256]	256
DATA	002e56bc	koi8_r_page00	undefined1[88]	88
DATA	002e5714	koi8_r_page04	undefined1[88]	88
DATA	002e576c	koi8_r_page22	undefined1[80]	80
DATA	002e57bc	koi8_r_page23	undefined8	8
DATA	002e57c4	koi8_r_page25	undefined1[168]	168
DATA	002e586c	koi8_u_2uni	undefined1[256]	256
DATA	002e596c	koi8_u_page00	undefined1[88]	88
DATA	002e59c4	koi8_u_page04	undefined1[152]	152
DATA	002e5a5c	koi8_u_page22	undefined1[80]	80
DATA	002e5aac	koi8_u_page23	undefined8	8
DATA	002e5ab4	koi8_u_page25	undefined1[168]	168
DATA	002e5b5c	koi8_ru_2uni	undefined1[256]	256
DATA	002e5c5c	koi8_ru_page00	undefined1[88]	88
DATA	002e5cb4	koi8_ru_page04	undefined1[152]	152
DATA	002e5d4c	koi8_ru_page22	undefined1[80]	80
DATA	002e5d9c	koi8_ru_page23	undefined8	8
DATA	002e5da4	koi8_ru_page25	undefined1[168]	168
DATA	002e5e4c	cp1250_2uni	undefined1[256]	256
DATA	002e5f4c	cp1250_page00	undefined1[224]	224
DATA	002e602c	cp1250_page02	undefined1[32]	32
DATA	002e604c	cp1250_page20	undefined1[48]	48
DATA	002e607c	cp1251_2uni	undefined1[256]	256
DATA	002e617c	cp1251_page00	undefined1[32]	32
DATA	002e619c	cp1251_page04	undefined1[152]	152
DATA	002e6234	cp1251_page20	undefined1[48]	48
DATA	002e6264	cp1252_2uni	undefined1[64]	64
DATA	002e62a4	cp1252_page01	undefined1[72]	72
DATA	002e62ec	cp1252_page02	undefined1[32]	32
DATA	002e630c	cp1252_page20	undefined1[48]	48
DATA	002e633c	cp1253_2uni	undefined1[256]	256
DATA	002e643c	cp1253_page00	undefined1[32]	32
DATA	002e645c	cp1253_page03	undefined1[80]	80
DATA	002e64ac	cp1253_page20	undefined1[48]	48
DATA	002e64dc	cp1254_2uni_1	undefined1[64]	64
DATA	002e651c	cp1254_2uni_2	undefined1[32]	32
DATA	002e653c	cp1254_2uni_3	undefined1[32]	32
DATA	002e655c	cp1254_page00	undefined1[48]	48
DATA	002e658c	cp1254_page01	undefined1[128]	128
DATA	002e660c	cp1254_page02	undefined1[32]	32
DATA	002e662c	cp1254_page20	undefined1[48]	48
DATA	002e665c	cp1255_comp_table_data	undefined1[144]	144
DATA	002e66ec	cp1255_comp_table	undefined1[64]	64
DATA	002e672c	cp1255_decomp_table	undefined1[272]	272
DATA	002e683c	cp1255_comb_table	undefined8	8
DATA	002e6844	cp1255_2uni	undefined1[256]	256
DATA	002e6944	cp1255_page00	undefined1[88]	88
DATA	002e699c	cp1255_page02	undefined1[32]	32
DATA	002e69bc	cp1255_page05	undefined1[72]	72
DATA	002e6a04	cp1255_page20	undefined1[56]	56
DATA	002e6a3c	cp1256_2uni	undefined1[256]	256
DATA	002e6b3c	cp1256_page00	undefined1[96]	96
DATA	002e6b9c	cp1256_page01	undefined1[72]	72
DATA	002e6be4	cp1256_page06	undefined1[208]	208
DATA	002e6cb4	cp1256_page20	undefined1[56]	56
DATA	002e6cec	cp1257_2uni	undefined1[256]	256
DATA	002e6dec	cp1257_page00	undefined1[224]	224
DATA	002e6ecc	cp1257_page02	undefined1[32]	32
DATA	002e6eec	cp1257_page20	undefined1[48]	48
DATA	002e6f1c	viet_comp_table_data	undefined1[808]	808
DATA	002e7244	viet_comp_table	undefined1[40]	40
DATA	002e726c	viet_decomp_table	undefined1[804]	804
DATA	002e7590	cp1258_comb_table	undefined5	5
DATA	002e7598	cp1258_comp_bases	undefined1[48]	48
DATA	002e75c8	cp1258_2uni	undefined1[256]	256
DATA	002e76c8	cp1258_page00	undefined1[88]	88
DATA	002e7720	cp1258_page01	undefined1[104]	104
DATA	002e7788	cp1258_page02	undefined1[32]	32
DATA	002e77a8	cp1258_page03	undefined1[40]	40
DATA	002e77d0	cp1258_page20	undefined1[48]	48
DATA	002e7800	cp850_2uni	undefined1[256]	256
DATA	002e7900	cp850_page00	undefined1[96]	96
DATA	002e7960	cp850_page25	undefined1[168]	168
DATA	002e7a08	cp862_2uni	undefined1[256]	256
DATA	002e7b08	cp862_page00	undefined1[96]	96
DATA	002e7b68	cp862_page03	undefined1[56]	56
DATA	002e7ba0	cp862_page22	undefined1[80]	80
DATA	002e7bf0	cp862_page25	undefined1[168]	168
DATA	002e7c98	cp866_2uni	undefined1[160]	160
DATA	002e7d38	cp866_page00	undefined1[24]	24
DATA	002e7d50	cp866_page04	undefined1[96]	96
DATA	002e7db0	cp866_page22	undefined8	8
DATA	002e7db8	cp866_page25	undefined1[168]	168
DATA	002e7e60	cp1131_2uni	undefined1[256]	256
DATA	002e7f60	cp1131_page00	undefined1[24]	24
DATA	002e7f78	cp1131_page04	undefined1[152]	152
DATA	002e8010	cp1131_page25	undefined1[152]	152
DATA	002e80a8	mac_roman_2uni	undefined1[256]	256
DATA	002e81a8	mac_roman_page00	undefined1[96]	96
DATA	002e8208	mac_roman_page01	undefined1[104]	104
DATA	002e8270	mac_roman_page02	undefined1[32]	32
DATA	002e8290	mac_roman_page20	undefined1[56]	56
DATA	002e82c8	mac_roman_page21	undefined8	8
DATA	002e82d0	mac_roman_page22	undefined1[104]	104
DATA	002e8338	mac_roman_pagefb	undefined8	8
DATA	002e8340	mac_centraleurope_2uni	undefined1[256]	256
DATA	002e8440	mac_centraleurope_page00	undefined1[224]	224
DATA	002e8520	mac_centraleurope_page20	undefined1[48]	48
DATA	002e8550	mac_centraleurope_page22	undefined1[32]	32
DATA	002e8570	mac_centraleurope_page22_1	undefined8	8
DATA	002e8578	mac_iceland_2uni	undefined1[256]	256
DATA	002e8678	mac_iceland_page00	undefined1[96]	96
DATA	002e86d8	mac_iceland_page01	undefined1[104]	104
DATA	002e8740	mac_iceland_page02	undefined1[32]	32
DATA	002e8760	mac_iceland_page20	undefined1[56]	56
DATA	002e8798	mac_iceland_page21	undefined8	8
DATA	002e87a0	mac_iceland_page22	undefined1[104]	104
DATA	002e8808	mac_croatian_2uni	undefined1[256]	256
DATA	002e8908	mac_croatian_page00	undefined1[248]	248
DATA	002e8a00	mac_croatian_page02	undefined1[32]	32
DATA	002e8a20	mac_croatian_page20	undefined1[56]	56
DATA	002e8a58	mac_croatian_page21	undefined8	8
DATA	002e8a60	mac_croatian_page22	undefined1[104]	104
DATA	002e8ac8	mac_romania_2uni	undefined1[256]	256
DATA	002e8bc8	mac_romania_page00	undefined1[248]	248
DATA	002e8cc0	mac_romania_page02	undefined1[32]	32
DATA	002e8ce0	mac_romania_page20	undefined1[56]	56
DATA	002e8d18	mac_romania_page21	undefined8	8
DATA	002e8d20	mac_romania_page22	undefined1[104]	104
DATA	002e8d88	mac_cyrillic_2uni	undefined1[256]	256
DATA	002e8e88	mac_cyrillic_page00	undefined1[32]	32
DATA	002e8ea8	mac_cyrillic_page04	undefined1[96]	96
DATA	002e8f08	mac_cyrillic_page20	undefined1[24]	24
DATA	002e8f20	mac_cyrillic_page21	undefined1[24]	24
DATA	002e8f38	mac_cyrillic_page22	undefined1[104]	104
DATA	002e8fa0	mac_ukraine_2uni	undefined1[256]	256
DATA	002e90a0	mac_ukraine_page00	undefined1[32]	32
DATA	002e90c0	mac_ukraine_page04	undefined1[152]	152
DATA	002e9158	mac_ukraine_page20	undefined1[24]	24
DATA	002e9170	mac_ukraine_page21	undefined1[24]	24
DATA	002e9188	mac_ukraine_page22	undefined1[104]	104
DATA	002e91f0	mac_greek_2uni	undefined1[256]	256
DATA	002e92f0	mac_greek_page00	undefined1[96]	96
DATA	002e9350	mac_greek_page03	undefined1[80]	80
DATA	002e93a0	mac_greek_page20	undefined1[40]	40
DATA	002e93c8	mac_greek_page22	undefined1[32]	32
DATA	002e93e8	mac_turkish_2uni	undefined1[256]	256
DATA	002e94e8	mac_turkish_page00	undefined1[96]	96
DATA	002e9548	mac_turkish_page01	undefined1[128]	128
DATA	002e95c8	mac_turkish_page02	undefined1[32]	32
DATA	002e95e8	mac_turkish_page20	undefined1[40]	40
DATA	002e9610	mac_turkish_page21	undefined8	8
DATA	002e9618	mac_turkish_page22	undefined1[104]	104
DATA	002e9680	mac_hebrew_2uni	undefined1[256]	256
DATA	002e9780	mac_hebrew_page00	undefined1[96]	96
DATA	002e97e0	mac_hebrew_page05	undefined1[64]	64
DATA	002e9820	mac_hebrew_page20	undefined1[24]	24
DATA	002e9838	mac_hebrew_pagefb	undefined1[56]	56
DATA	002e9870	mac_arabic_2uni	undefined1[256]	256
DATA	002e9970	mac_arabic_page00	undefined1[96]	96
DATA	002e99d0	mac_arabic_page06	undefined1[208]	208
DATA	002e9aa0	mac_thai_2uni	undefined1[256]	256
DATA	002e9ba0	mac_thai_page00	undefined1[32]	32
DATA	002e9bc0	mac_thai_page0e	undefined1[96]	96
DATA	002e9c20	mac_thai_page20	undefined1[32]	32
DATA	002e9c40	mac_thai_pagef8	undefined1[32]	32
DATA	002e9c60	hp_roman8_2uni	undefined1[192]	192
DATA	002e9d20	hp_roman8_page00	undefined1[96]	96
DATA	002e9d80	hp_roman8_page01	undefined1[56]	56
DATA	002e9db8	hp_roman8_page02	undefined1[32]	32
DATA	002e9dd8	nextstep_2uni	undefined1[256]	256
DATA	002e9ed8	nextstep_page00	undefined1[96]	96
DATA	002e9f38	nextstep_page01	undefined1[104]	104
DATA	002e9fa0	nextstep_page02	undefined1[32]	32
DATA	002e9fc0	nextstep_page20	undefined1[56]	56
DATA	002e9ff8	nextstep_pagefb	undefined8	8
DATA	002ea000	armscii_8_2uni	undefined1[192]	192
DATA	002ea0c0	armscii_8_page00	undefined8	8
DATA	002ea0c8	armscii_8_page00_1	undefined1[32]	32
DATA	002ea0e8	armscii_8_page05	undefined1[96]	96
DATA	002ea148	armscii_8_page20	undefined1[24]	24
DATA	002ea160	georgian_academy_2uni	undefined1[64]	64
DATA	002ea1a0	georgian_academy_page00	undefined1[32]	32
DATA	002ea1c0	georgian_academy_page01	undefined1[72]	72
DATA	002ea208	georgian_academy_page02	undefined1[32]	32
DATA	002ea228	georgian_academy_page20	undefined1[48]	48
DATA	002ea258	georgian_ps_2uni_1	undefined1[64]	64
DATA	002ea298	georgian_ps_2uni_2	undefined1[78]	78
DATA	002ea2e8	georgian_ps_page00	undefined1[32]	32
DATA	002ea308	georgian_ps_page01	undefined1[72]	72
DATA	002ea350	georgian_ps_page02	undefined1[32]	32
DATA	002ea370	georgian_ps_page10	undefined1[40]	40
DATA	002ea398	georgian_ps_page20	undefined1[48]	48
DATA	002ea3c8	koi8_t_2uni	undefined1[256]	256
DATA	002ea4c8	koi8_t_page00	undefined1[32]	32
DATA	002ea4e8	koi8_t_page04	undefined1[240]	240
DATA	002ea5d8	koi8_t_page20	undefined1[48]	48
DATA	002ea608	koi8_t_page21	undefined1[24]	24
DATA	002ea620	pt154_2uni	undefined1[128]	128
DATA	002ea6a0	pt154_page00	undefined1[32]	32
DATA	002ea6c0	pt154_page04	undefined1[240]	240
DATA	002ea7b0	pt154_page20	undefined1[24]	24
DATA	002ea7c8	rk1048_2uni	undefined1[256]	256
DATA	002ea8c8	rk1048_page00	undefined1[32]	32
DATA	002ea8e8	rk1048_page04	undefined1[240]	240
DATA	002ea9d8	rk1048_page20	undefined1[48]	48
DATA	002eaa08	rk1048_page21	undefined1[24]	24
DATA	002eaa20	mulelao_2uni	undefined1[192]	192
DATA	002eaae0	mulelao_page0e	undefined1[96]	96
DATA	002eab40	cp1133_2uni_1	undefined1[128]	128
DATA	002eabc0	cp1133_2uni_2	undefined1[32]	32
DATA	002eabe0	cp1133_page00	undefined1[16]	16
DATA	002eabf0	cp1133_page0e	undefined1[96]	96
DATA	002eac50	cp874_2uni	undefined1[256]	256
DATA	002ead50	cp874_page0e	undefined1[96]	96
DATA	002eadb0	cp874_page20	undefined1[24]	24
DATA	002eadc8	viscii_2uni_1	undefined1[64]	64
DATA	002eae08	viscii_2uni_2	undefined1[256]	256
DATA	002eaf08	viscii_page00	undefined1[248]	248
DATA	002eb000	viscii_page1e	undefined1[96]	96
DATA	002eb060	tcvn_comb_table	undefined5	5
DATA	002eb068	tcvn_comp_bases	undefined1[48]	48
DATA	002eb098	tcvn_2uni_1	undefined1[48]	48
DATA	002eb0c8	tcvn_2uni_2	undefined1[256]	256
DATA	002eb1c8	tcvn_page00	undefined1[280]	280
DATA	002eb2e0	tcvn_page03	undefined1[40]	40
DATA	002eb308	tcvn_page1e	undefined1[96]	96
DATA	002eb368	jisx0208_2uni_page21	undefined1[1380]	1380
DATA	002eb8cc	jisx0208_2uni_page30	undefined1[12796]	12796
DATA	002eeac8	jisx0208_2charset	undefined1[13758]	13758
DATA	002f2088	jisx0208_uni2indx_page00	undefined1[64]	64
DATA	002f20c8	jisx0208_uni2indx_page03	undefined1[88]	88
DATA	002f2120	jisx0208_uni2indx_page20	undefined1[200]	200
DATA	002f21e8	jisx0208_uni2indx_page25	undefined1[92]	92
DATA	002f2244	jisx0208_uni2indx_page30	undefined1[64]	64
DATA	002f2284	jisx0208_uni2indx_page4e	undefined1[5228]	5228
DATA	002f36f0	jisx0208_uni2indx_pageff	undefined1[60]	60
DATA	002f372c	jisx0212_2uni_page22	undefined1[162]	162
DATA	002f37d0	jisx0212_2uni_page26	undefined1[376]	376
DATA	002f3948	jisx0212_2uni_page29	undefined1[550]	550
DATA	002f3b70	jisx0212_2uni_page30	undefined1[11602]	11602
DATA	002f68c4	jisx0212_2charset	undefined1[12134]	12134
DATA	002f982c	jisx0212_uni2indx_page00	undefined1[280]	280
DATA	002f9944	jisx0212_uni2indx_page21	undefined1[12]	12
DATA	002f9950	jisx0212_uni2indx_page4e	undefined1[5228]	5228
DATA	002fadbc	jisx0212_uni2indx_pageff	undefined1[24]	24
DATA	002fadd4	gb2312_2uni_page21	undefined1[1662]	1662
DATA	002fb454	gb2312_2uni_page30	undefined1[13536]	13536
DATA	002fe934	gb2312_2charset	undefined1[14890]	14890
DATA	00302360	gb2312_uni2indx_page00	undefined1[280]	280
DATA	00302478	gb2312_uni2indx_page20	undefined1[404]	404
DATA	0030260c	gb2312_uni2indx_page30	undefined1[140]	140
DATA	00302698	gb2312_uni2indx_page4e	undefined1[5052]	5052
DATA	00303a54	gb2312_uni2indx_page9e	undefined1[108]	108
DATA	00303ac0	gb2312_uni2indx_pageff	undefined1[60]	60
DATA	00303afc	isoir165ext_2uni_page2b	undefined1[940]	940
DATA	00303ea8	isoir165ext_2uni_page7a	undefined1[940]	940
DATA	00304254	isoir165ext_2charset	undefined1[1752]	1752
DATA	0030492c	isoir165ext_uni2indx_page00	undefined1[128]	128
DATA	003049ac	isoir165ext_uni2indx_page03	undefined1[48]	48
DATA	003049dc	isoir165ext_uni2indx_page1e	undefined1[112]	112
DATA	00304a4c	isoir165ext_uni2indx_page30	undefined1[16]	16
DATA	00304a5c	isoir165ext_uni2indx_page32	undefined1[128]	128
DATA	00304adc	isoir165ext_uni2indx_page4e	undefined1[3008]	3008
DATA	0030569c	isoir165ext_uni2indx_page7e	undefined1[1332]	1332
DATA	00305bd0	isoir165ext_uni2indx_page94	undefined1[572]	572
DATA	00305e0c	isoir165ext_uni2indx_page9e	undefined1[100]	100
DATA	00305e70	isoir165ext_uni2indx_pageff	undefined1[20]	20
DATA	00305e84	gbkext1_2uni_page81	undefined1[12160]	12160
DATA	00308e04	gbkext2_2uni_pagea8	undefined1[16544]	16544
DATA	0030cea4	gbkext_inv_2charset	undefined1[28626]	28626
DATA	00313e78	gbkext_inv_uni2indx_page02	undefined1[56]	56
DATA	00313eb0	gbkext_inv_uni2indx_page20	undefined1[176]	176
DATA	00313f60	gbkext_inv_uni2indx_page25	undefined1[68]	68
DATA	00313fa4	gbkext_inv_uni2indx_page30	undefined1[64]	64
DATA	00313fe4	gbkext_inv_uni2indx_page32	undefined1[120]	120
DATA	0031405c	gbkext_inv_uni2indx_page4e	undefined1[5228]	5228
DATA	003154c8	gbkext_inv_uni2indx_pagef9	undefined1[76]	76
DATA	00315514	gbkext_inv_uni2indx_pagefe	undefined1[124]	124
DATA	00315590	cp936ext_2uni_pagea6	undefined1[44]	44
DATA	003155bc	cp936ext_2uni_pagea8	undefined1[12]	12
DATA	003155c8	cp936ext_page01	undefined1[32]	32
DATA	003155e8	cp936ext_page02	undefined1[48]	48
DATA	00315618	cp936ext_pagefe	undefined1[48]	48
DATA	00315648	cns11643_1_2uni_page21	undefined1[1000]	1000
DATA	00315a30	cns11643_1_2uni_page42	undefined1[68]	68
DATA	00315a74	cns11643_1_2uni_page44	undefined1[10802]	10802
DATA	0031c06c	cns11643_3_2uni_page21	undefined1[12296]	12296
DATA	0031f074	cns11643_3_2uni_page64	undefined1[584]	584
DATA	0031f2bc	cns11643_3_2uni_upages	undefined1[544]	544
DATA	0031f4dc	cns11643_4a_2uni_page21	undefined1[5828]	5828
DATA	00320ba0	cns11643_4a_2uni_upages	undefined1[848]	848
DATA	00320ef0	cns11643_4b_2uni_page40	undefined1[8768]	8768
DATA	00323130	cns11643_4b_2uni_upages	undefined1[992]	992
DATA	00323510	cns11643_5_2uni_page21	undefined1[17206]	17206
DATA	00327848	cns11643_5_2uni_upages	undefined1[916]	916
DATA	00327bdc	cns11643_6_2uni_page21	undefined1[12776]	12776
DATA	0032adc4	cns11643_6_2uni_upages	undefined1[816]	816
DATA	0032b0f4	cns11643_7_2uni_page21	undefined1[13078]	13078
DATA	0032e40c	cns11643_7_2uni_upages	undefined1[792]	792
DATA	0032e724	cns11643_15_2uni_page21	undefined1[14338]	14338
DATA	00331f28	cns11643_15_2uni_upages	undefined1[1012]	1012
DATA	0033231c	cns11643_inv_2charset	undefined1[166326]	166326
DATA	0035acd4	cns11643_inv_uni2indx_page00	undefined1[64]	64
DATA	0035ad14	cns11643_inv_uni2indx_page02	undefined1[116]	116
DATA	0035ad88	cns11643_inv_uni2indx_page20	undefined1[176]	176
DATA	0035ae38	cns11643_inv_uni2indx_page24	undefined1[148]	148
DATA	0035aecc	cns11643_inv_uni2indx_page30	undefined1[7148]	7148
DATA	0035cab8	cns11643_inv_uni2indx_pagefa	undefined1[12]	12
DATA	0035cac4	cns11643_inv_uni2indx_pagefe	undefined1[124]	124
DATA	0035cb40	cns11643_inv_uni2indx_page200	undefined1[10680]	10680
DATA	0035f4f8	cns11643_inv_uni2indx_page2f8	undefined1[136]	136
DATA	0035f580	big5_2uni_pagea1	undefined1[12242]	12242
DATA	0036611c	big5_2charset	undefined1[27406]	27406
DATA	0036cc2c	big5_uni2indx_page00	undefined1[64]	64
DATA	0036cc6c	big5_uni2indx_page02	undefined1[152]	152
DATA	0036cd04	big5_uni2indx_page20	undefined1[176]	176
DATA	0036cdb4	big5_uni2indx_page24	undefined1[148]	148
DATA	0036ce48	big5_uni2indx_page30	undefined1[248]	248
DATA	0036cf40	big5_uni2indx_page4e	undefined1[5228]	5228
DATA	0036e3ac	big5_uni2indx_pagefa	undefined4	4
DATA	0036e3b0	big5_uni2indx_pagefe	undefined1[92]	92
DATA	0036e40c	ksc5601_2uni_page21	undefined1[2230]	2230
DATA	0036ecc4	ksc5601_2uni_page30	undefined1[4700]	4700
DATA	0036ff20	ksc5601_2uni_page4a	undefined1[9776]	9776
DATA	00372550	ksc5601_2charset	undefined1[16454]	16454
DATA	00376598	ksc5601_uni2indx_page00	undefined1[280]	280
DATA	003766b0	ksc5601_uni2indx_page20	undefined1[412]	412
DATA	0037684c	ksc5601_uni2indx_page30	undefined1[248]	248
DATA	00376944	ksc5601_uni2indx_page4e	undefined1[5224]	5224
DATA	00377dac	ksc5601_uni2indx_pageac	undefined1[2792]	2792
DATA	00378894	ksc5601_uni2indx_pagef9	undefined1[68]	68
DATA	003788d8	ksc5601_uni2indx_pageff	undefined1[60]	60
DATA	00378914	jamo_initial	undefined1[32]	32
DATA	00378934	jamo_medial	undefined1[32]	32
DATA	00378954	jamo_final	undefined1[32]	32
DATA	00378974	jamo_final_notinitial	undefined1[32]	32
DATA	00378994	jamo_initial_index	undefined1[32]	32
DATA	003789b4	jamo_medial_index	undefined1[32]	32
DATA	003789d4	jamo_final_index	undefined1[32]	32
DATA	003789f4	johab_hangul_page31	undefined1[102]	102
DATA	00378a5c	jamo_initial_index_inverse	undefined1[19]	19
DATA	00378a70	jamo_medial_index_inverse	undefined1[21]	21
DATA	00378a88	jamo_final_index_inverse	undefined1[28]	28
DATA	00378aa4	cp932ext_2uni_page87	undefined1[184]	184
DATA	00378b5c	cp932ext_2uni_pageed	undefined1[752]	752
DATA	00378e4c	cp932ext_2uni_pagefa	undefined1[776]	776
DATA	00379154	cp932ext_2charset	undefined1[914]	914
DATA	003794e8	cp932ext_uni2indx_page21	undefined1[112]	112
DATA	00379558	cp932ext_uni2indx_page24	undefined1[32]	32
DATA	00379578	cp932ext_uni2indx_page30	undefined8	8
DATA	00379580	cp932ext_uni2indx_page32	undefined1[116]	116
DATA	003795f4	cp932ext_uni2indx_page4e	undefined1[484]	484
DATA	003797d8	cp932ext_uni2indx_page57	undefined1[176]	176
DATA	00379888	cp932ext_uni2indx_page5b	undefined1[184]	184
DATA	00379940	cp932ext_uni2indx_page5f	undefined1[1832]	1832
DATA	0037a068	cp932ext_uni2indx_page7d	undefined1[172]	172
DATA	0037a114	cp932ext_uni2indx_page83	undefined1[176]	176
DATA	0037a1c4	cp932ext_uni2indx_page88	undefined1[436]	436
DATA	0037a378	cp932ext_uni2indx_page90	undefined1[952]	952
DATA	0037a730	cp932ext_uni2indx_pagef9	undefined1[76]	76
DATA	0037a77c	cp932ext_uni2indx_pageff	undefined1[60]	60
DATA	0037a7b8	cp50221_0208_ext_2uni	undefined1[192]	192
DATA	0037a878	cp50221_0208_ext_page21	undefined1[96]	96
DATA	0037a8d8	cp50221_0208_ext_page22	undefined1[32]	32
DATA	0037a8f8	cp50221_0208_ext_page24	undefined1[24]	24
DATA	0037a910	cp50221_0208_ext_page30	undefined8	8
DATA	0037a918	cp50221_0208_ext_page32	undefined1[16]	16
DATA	0037a928	cp50221_0208_ext_page32_1	undefined1[16]	16
DATA	0037a938	cp50221_0208_ext_page33	undefined1[208]	208
DATA	0037aa08	cp50221_0212_ext_2uni	undefined1[224]	224
DATA	0037aae8	cp50221_0212_ext_page21	undefined1[16]	16
DATA	0037aaf8	cp50221_0212_ext_page53	undefined1[40]	40
DATA	0037ab20	cp50221_0212_ext_page6d	undefined1[16]	16
DATA	0037ab30	cp50221_0212_ext_page76	undefined1[32]	32
DATA	0037ab50	cp50221_0212_ext_page7d	undefined1[56]	56
DATA	0037ab88	cp50221_0212_ext_page97	undefined1[32]	32
DATA	0037aba8	cp50221_0212_ext_pagefa	undefined1[40]	40
DATA	0037abd0	cp50221_0212_ext_pageff	undefined8	8
DATA	0037abd8	gb18030ext_2uni_pagea9	undefined1[26]	26
DATA	0037abf4	gb18030ext_2uni_pagefe	undefined1[384]	384
DATA	0037ad74	gb18030ext_page2e	undefined1[160]	160
DATA	0037ae14	gb18030ext_page2f	undefined1[32]	32
DATA	0037ae34	gb18030ext_page34	undefined1[112]	112
DATA	0037aea4	gb18030ext_page36	undefined1[48]	48
DATA	0037aed4	gb18030ext_page39	undefined1[48]	48
DATA	0037af04	gb18030ext_page43	undefined1[112]	112
DATA	0037af74	gb18030ext_page46	undefined1[64]	64
DATA	0037afb4	gb18030ext_page47_1	undefined1[32]	32
DATA	0037afd4	gb18030ext_page47_2	undefined1[48]	48
DATA	0037b004	gb18030ext_page49	undefined1[240]	240
DATA	0037b0f4	gb18030ext_page4c	undefined1[112]	112
DATA	0037b164	gb18030ext_page4d	undefined1[32]	32
DATA	0037b184	gb18030ext_page9f	undefined1[32]	32
DATA	0037b1a4	gb18030ext_pagefe	undefined1[32]	32
DATA	0037b1c4	gb18030uni_charset2uni_ranges	undefined1[824]	824
DATA	0037b4fc	gb18030uni_uni2charset_ranges	undefined1[824]	824
DATA	0037b834	gb18030uni_ranges	undefined1[412]	412
DATA	0037b9d0	gb18030_pua2charset	undefined1[186]	186
DATA	0037ba8c	cp950_2uni_pagea1	undefined1[628]	628
DATA	0037bd00	cp950ext_2uni_pagef9	undefined1[82]	82
DATA	0037bd54	cp950ext_2charset	undefined1[82]	82
DATA	0037bda8	cp950ext_uni2indx_page25	undefined1[40]	40
DATA	0037bdd0	cp950ext_uni2indx_page58	undefined1[48]	48
DATA	0037be00	cp950ext_uni2indx_page5a	undefined1[64]	64
DATA	0037be40	cp950ext_uni2indx_page60	undefined1[24]	24
DATA	0037be58	cp950ext_uni2indx_page78	undefined1[36]	36
DATA	0037be7c	cp950ext_uni2indx_page7c	undefined1[44]	44
DATA	0037bea8	cp950ext_uni2indx_page88	undefined1[52]	52
DATA	0037bedc	cp950ext_uni2indx_page92	undefined1[48]	48
DATA	0037bf0c	hkscs1999_2uni_page88	undefined1[1254]	1254
DATA	0037c3f4	hkscs1999_2uni_page8d	undefined1[6280]	6280
DATA	0037dc7c	hkscs1999_2uni_pagec6	undefined1[942]	942
DATA	0037e02c	hkscs1999_2uni_pagef9	undefined1[1884]	1884
DATA	0037e788	hkscs1999_2uni_upages	undefined1[3892]	3892
DATA	0037f6bc	hkscs1999_2charset	undefined1[9396]	9396
DATA	00381b70	hkscs1999_uni2indx_page00	undefined1[180]	180
DATA	00381c24	hkscs1999_uni2indx_page04	undefined1[24]	24
DATA	00381c3c	hkscs1999_uni2indx_page1e	undefined1[52]	52
DATA	00381c70	hkscs1999_uni2indx_page21	undefined1[60]	60
DATA	00381cac	hkscs1999_uni2indx_page23	undefined1[160]	160
DATA	00381d4c	hkscs1999_uni2indx_page27	undefined1[16]	16
DATA	00381d5c	hkscs1999_uni2indx_page2e	undefined1[272]	272
DATA	00381e6c	hkscs1999_uni2indx_page34	undefined1[6896]	6896
DATA	0038395c	hkscs1999_uni2indx_pagef9	undefined4	4
DATA	00383960	hkscs1999_uni2indx_pageff	undefined1[60]	60
DATA	0038399c	hkscs1999_uni2indx_page200	undefined1[9340]	9340
DATA	00385e18	hkscs1999_uni2indx_page294	undefined1[128]	128
DATA	00385e98	hkscs1999_uni2indx_page297	undefined1[1004]	1004
DATA	00386284	hkscs1999_uni2indx_page2f8	undefined1[120]	120
DATA	003862fc	hkscs2001_2uni_page8c	undefined1[246]	246
DATA	003863f4	hkscs2001_2uni_upages	undefined1[340]	340
DATA	00386548	hkscs2001_2charset	undefined1[232]	232
DATA	00386630	hkscs2001_uni2indx_page35	undefined1[24]	24
DATA	00386648	hkscs2001_uni2indx_page3c	undefined1[184]	184
DATA	00386700	hkscs2001_uni2indx_page40	undefined1[32]	32
DATA	00386720	hkscs2001_uni2indx_page42	undefined1[44]	44
DATA	0038674c	hkscs2001_uni2indx_page4b	undefined1[100]	100
DATA	003867b0	hkscs2001_uni2indx_page4e	undefined1[236]	236
DATA	0038689c	hkscs2001_uni2indx_page53	undefined1[80]	80
DATA	003868ec	hkscs2001_uni2indx_page57	undefined1[120]	120
DATA	00386964	hkscs2001_uni2indx_page5a	undefined1[372]	372
DATA	00386ad8	hkscs2001_uni2indx_page61	undefined1[12]	12
DATA	00386ae4	hkscs2001_uni2indx_page65	undefined1[36]	36
DATA	00386b08	hkscs2001_uni2indx_page67	undefined1[28]	28
DATA	00386b24	hkscs2001_uni2indx_page69	undefined1[92]	92
DATA	00386b80	hkscs2001_uni2indx_page6c	undefined1[128]	128
DATA	00386c00	hkscs2001_uni2indx_page70	undefined1[304]	304
DATA	00386d30	hkscs2001_uni2indx_page76	undefined1[188]	188
DATA	00386dec	hkscs2001_uni2indx_page7a	undefined1[284]	284
DATA	00386f08	hkscs2001_uni2indx_page82	undefined1[64]	64
DATA	00386f48	hkscs2001_uni2indx_page85	undefined1[68]	68
DATA	00386f8c	hkscs2001_uni2indx_page88	undefined1[40]	40
DATA	00386fb4	hkscs2001_uni2indx_page8b	undefined1[36]	36
DATA	00386fd8	hkscs2001_uni2indx_page8e	undefined1[116]	116
DATA	0038704c	hkscs2001_uni2indx_page91	undefined1[192]	192
DATA	0038710c	hkscs2001_uni2indx_page97	undefined1[188]	188
DATA	003871c8	hkscs2001_uni2indx_page9f	undefined1[44]	44
DATA	003871f4	hkscs2001_uni2indx_page214	undefined1[16]	16
DATA	00387204	hkscs2001_uni2indx_page219	undefined1[36]	36
DATA	00387228	hkscs2001_uni2indx_page21d	undefined1[48]	48
DATA	00387258	hkscs2001_uni2indx_page220	undefined1[32]	32
DATA	00387278	hkscs2001_uni2indx_page227	undefined8	8
DATA	00387280	hkscs2001_uni2indx_page232	undefined1[128]	128
DATA	00387300	hkscs2001_uni2indx_page23c	undefined1[28]	28
DATA	0038731c	hkscs2001_uni2indx_page241	undefined1[20]	20
DATA	00387330	hkscs2001_uni2indx_page245	undefined4	4
DATA	00387334	hkscs2001_uni2indx_page249	undefined1[72]	72
DATA	0038737c	hkscs2001_uni2indx_page251	undefined1[52]	52
DATA	003873b0	hkscs2001_uni2indx_page256	undefined1[40]	40
DATA	003873d8	hkscs2001_uni2indx_page25c	undefined1[80]	80
DATA	00387428	hkscs2001_uni2indx_page26b	undefined8	8
DATA	00387430	hkscs2001_uni2indx_page26d	undefined1[32]	32
DATA	00387450	hkscs2001_uni2indx_page26f	undefined1[48]	48
DATA	00387480	hkscs2001_uni2indx_page271	undefined4	4
DATA	00387484	hkscs2001_uni2indx_page287	undefined4	4
DATA	00387488	hkscs2001_uni2indx_page289	undefined1[124]	124
DATA	00387504	hkscs2001_uni2indx_page28d	undefined1[48]	48
DATA	00387534	hkscs2001_uni2indx_page299	undefined1[20]	20
DATA	00387548	hkscs2001_uni2indx_page29c	undefined1[32]	32
DATA	00387568	hkscs2001_uni2indx_page2a1	undefined1[112]	112
DATA	003875d8	hkscs2004_2uni_page87	undefined1[116]	116
DATA	0038764c	hkscs2004_2uni_page8c	undefined1[378]	378
DATA	003877c8	hkscs2004_2uni_upages	undefined1[312]	312
DATA	00387900	hkscs2004_2charset	undefined1[246]	246
DATA	003879f8	hkscs2004_uni2indx_page34	undefined1[20]	20
DATA	00387a0c	hkscs2004_uni2indx_page36	undefined1[224]	224
DATA	00387aec	hkscs2004_uni2indx_page3b	undefined1[40]	40
DATA	00387b14	hkscs2004_uni2indx_page3d	undefined1[64]	64
DATA	00387b54	hkscs2004_uni2indx_page3f	undefined1[188]	188
DATA	00387c10	hkscs2004_uni2indx_page43	undefined1[276]	276
DATA	00387d24	hkscs2004_uni2indx_page4a	undefined1[44]	44
DATA	00387d50	hkscs2004_uni2indx_page4c	undefined1[100]	100
DATA	00387db4	hkscs2004_uni2indx_page4f	undefined1[48]	48
DATA	00387de4	hkscs2004_uni2indx_page56	undefined1[64]	64
DATA	00387e24	hkscs2004_uni2indx_page59	undefined1[288]	288
DATA	00387f44	hkscs2004_uni2indx_page5f	undefined1[16]	16
DATA	00387f54	hkscs2004_uni2indx_page66	undefined1[92]	92
DATA	00387fb0	hkscs2004_uni2indx_page6e	undefined1[24]	24
DATA	00387fc8	hkscs2004_uni2indx_page71	undefined1[76]	76
DATA	00388014	hkscs2004_uni2indx_page74	undefined1[40]	40
DATA	0038803c	hkscs2004_uni2indx_page79	undefined1[52]	52
DATA	00388070	hkscs2004_uni2indx_page7d	undefined1[40]	40
DATA	00388098	hkscs2004_uni2indx_page81	undefined1[28]	28
DATA	003880b4	hkscs2004_uni2indx_page85	undefined1[40]	40
DATA	003880dc	hkscs2004_uni2indx_page8a	undefined1[64]	64
DATA	0038811c	hkscs2004_uni2indx_page97	undefined1[88]	88
DATA	00388174	hkscs2004_uni2indx_page9f	undefined1[48]	48
DATA	003881a4	hkscs2004_uni2indx_page201	undefined1[80]	80
DATA	003881f4	hkscs2004_uni2indx_page20a	undefined1[104]	104
DATA	0038825c	hkscs2004_uni2indx_page21a	undefined1[28]	28
DATA	00388278	hkscs2004_uni2indx_page21d	undefined1[76]	76
DATA	003882c4	hkscs2004_uni2indx_page221	undefined1[52]	52
DATA	003882f8	hkscs2004_uni2indx_page227	undefined1[40]	40
DATA	00388320	hkscs2004_uni2indx_page232	undefined1[24]	24
DATA	00388338	hkscs2004_uni2indx_page235	undefined1[72]	72
DATA	00388380	hkscs2004_uni2indx_page23b	undefined8	8
DATA	00388388	hkscs2004_uni2indx_page23e	undefined1[188]	188
DATA	00388444	hkscs2004_uni2indx_page242	undefined1[48]	48
DATA	00388474	hkscs2004_uni2indx_page24b	undefined4	4
DATA	00388478	hkscs2004_uni2indx_page254	undefined1[40]	40
DATA	003884a0	hkscs2004_uni2indx_page25a	undefined1[24]	24
DATA	003884b8	hkscs2004_uni2indx_page26b	undefined1[84]	84
DATA	0038850c	hkscs2004_uni2indx_page26e	undefined1[36]	36
DATA	00388530	hkscs2004_uni2indx_page270	undefined1[56]	56
DATA	00388568	hkscs2004_uni2indx_page272	undefined1[128]	128
DATA	003885e8	hkscs2004_uni2indx_page27b	undefined1[116]	116
DATA	0038865c	hkscs2004_uni2indx_page286	undefined1[48]	48
DATA	0038868c	hkscs2004_uni2indx_page289	undefined1[28]	28
DATA	003886a8	hkscs2004_uni2indx_page28b	undefined1[48]	48
DATA	003886d8	hkscs2004_uni2indx_page290	undefined1[32]	32
DATA	003886f8	hkscs2004_uni2indx_page298	undefined1[84]	84
DATA	0038874c	hkscs2004_uni2indx_page29e	undefined1[48]	48
DATA	0038877c	hkscs2004_uni2indx_page2a1	undefined1[48]	48
DATA	003887ac	hkscs2004_uni2indx_page2a3	undefined1[24]	24
DATA	003887c4	hkscs2008_2uni_page87	undefined1[252]	252
DATA	003888c0	hkscs2008_2uni_upages	undefined1[200]	200
DATA	00388988	hkscs2008_2charset	undefined1[136]	136
DATA	00388a10	hkscs2008_uni2indx_page34	undefined1[60]	60
DATA	00388a4c	hkscs2008_uni2indx_page38	undefined1[32]	32
DATA	00388a6c	hkscs2008_uni2indx_page3a	undefined1[64]	64
DATA	00388aac	hkscs2008_uni2indx_page3e	undefined1[60]	60
DATA	00388ae8	hkscs2008_uni2indx_page40	undefined1[100]	100
DATA	00388b4c	hkscs2008_uni2indx_page43	undefined1[124]	124
DATA	00388bc8	hkscs2008_uni2indx_page46	undefined1[44]	44
DATA	00388bf4	hkscs2008_uni2indx_page49	undefined1[16]	16
DATA	00388c04	hkscs2008_uni2indx_page52	undefined1[20]	20
DATA	00388c18	hkscs2008_uni2indx_page54	undefined1[20]	20
DATA	00388c2c	hkscs2008_uni2indx_page57	undefined1[104]	104
DATA	00388c94	hkscs2008_uni2indx_page62	undefined1[52]	52
DATA	00388cc8	hkscs2008_uni2indx_page66	undefined1[100]	100
DATA	00388d2c	hkscs2008_uni2indx_page6a	undefined1[12]	12
DATA	00388d38	hkscs2008_uni2indx_page70	undefined1[28]	28
DATA	00388d54	hkscs2008_uni2indx_page73	undefined1[116]	116
DATA	00388dc8	hkscs2008_uni2indx_page79	undefined1[180]	180
DATA	00388e7c	hkscs2008_uni2indx_page84	undefined1[136]	136
DATA	00388f04	hkscs2008_uni2indx_page88	undefined1[40]	40
DATA	00388f2c	hkscs2008_uni2indx_page8b	undefined1[36]	36
DATA	00388f50	hkscs2008_uni2indx_page90	undefined1[20]	20
DATA	00388f64	hkscs2008_uni2indx_page92	undefined8	8
DATA	00388f6c	hkscs2008_uni2indx_page94	undefined1[12]	12
DATA	00388f78	hkscs2008_uni2indx_page97	undefined1[20]	20
DATA	00388f8c	hkscs2008_uni2indx_page9f	undefined1[52]	52
DATA	00388fc0	hkscs2008_uni2indx_page20a	undefined1[36]	36
DATA	00388fe4	hkscs2008_uni2indx_page21d	undefined1[24]	24
DATA	00388ffc	hkscs2008_uni2indx_page224	undefined1[52]	52
DATA	00389030	hkscs2008_uni2indx_page231	undefined1[88]	88
DATA	00389088	hkscs2008_uni2indx_page235	undefined1[104]	104
DATA	003890f0	hkscs2008_uni2indx_page241	undefined1[28]	28
DATA	0038910c	hkscs2008_uni2indx_page258	undefined1[56]	56
DATA	00389144	hkscs2008_uni2indx_page25d	undefined1[48]	48
DATA	00389174	hkscs2008_uni2indx_page260	undefined1[12]	12
DATA	00389180	hkscs2008_uni2indx_page26e	undefined1[36]	36
DATA	003891a4	hkscs2008_uni2indx_page27b	undefined1[28]	28
DATA	003891c0	hkscs2008_uni2indx_page289	undefined4	4
DATA	003891c4	hkscs2008_uni2indx_page2ad	undefined1[64]	64
DATA	00389204	uhc_1_2uni_main_page81	undefined1[128]	128
DATA	0038a8c4	uhc_1_2charset_main	undefined1[90]	90
DATA	0038a920	uhc_1_2charset	undefined1[5696]	5696
DATA	0038bf60	uhc_1_uni2indx_pageac	undefined1[1836]	1836
DATA	0038c68c	uhc_2_2uni_main_pagea1	undefined1[152]	152
DATA	0038c724	uhc_2_2uni_pagea1	undefined1[3126]	3126
DATA	0038d35c	uhc_2_2charset_main	undefined1[98]	98
DATA	0038dff8	uhc_2_uni2indx_pagec8	undefined1[1004]	1004
DATA	0038e3e4	cjk_variants	undefined1[24076]	24076
DATA	003941f0	cjk_variants_indx	undefined1[41984]	41984
DATA	0039e5f0	translit_data	undefined1[36464]	36464
DATA	003a7460	translit_page00	undefined1[688]	688
DATA	003a7710	translit_page02	undefined1[16]	16
DATA	003a7720	translit_page02_1	undefined1[80]	80
DATA	003a7770	translit_page03	undefined1[96]	96
DATA	003a77d0	translit_page05	undefined1[16]	16
DATA	003a77e0	translit_page06	undefined1[32]	32
DATA	003a7800	translit_page0e	undefined1[96]	96
DATA	003a7860	translit_page0f	undefined1[32]	32
DATA	003a7880	translit_page1e	undefined1[320]	320
DATA	003a79c0	translit_page1e_2	undefined1[16]	16
DATA	003a79d0	translit_page20	undefined1[176]	176
DATA	003a7a80	translit_page20_3	undefined1[16]	16
DATA	003a7a90	translit_page21	undefined1[432]	432
DATA	003a7c40	translit_page22	undefined1[192]	192
DATA	003a7d00	translit_page22_4	undefined1[96]	96
DATA	003a7d60	translit_page24	undefined1[480]	480
DATA	003a7f40	translit_page25	undefined1[128]	128
DATA	003a7fc0	translit_page2a	undefined1[16]	16
DATA	003a7fd0	translit_page2f	undefined1[432]	432
DATA	003a8180	translit_page30	undefined1[496]	496
DATA	003a8370	translit_page31	undefined1[192]	192
DATA	003a8430	translit_page31_5	undefined1[1056]	1056
DATA	003a8850	translit_pagef9	undefined1[736]	736
DATA	003a8b30	translit_pagefb	undefined1[160]	160
DATA	003a8bd0	translit_pagefe	undefined1[80]	80
DATA	003a8c20	translit_pageff	undefined1[480]	480
DATA	003a8e00	translit_page1d4	undefined1[2048]	2048
DATA	003a9600	translit_page2f8	undefined1[1088]	1088
DATA	003a9a40	all_encodings	undefined1[2260]	2260
DATA	003ab114	aliases	undefined1[7376]	7376
DATA	003acde4	s_//TRANSLIT_003acde4	string	11
DATA	003acdf0	s_//IGNORE_003acdf0	string	9
DATA	003acdfc	all_canonical	undefined1[226]	226
DATA	003acee0	conversion_lists.7622	undefined1[16]	16
DATA	003acef0	asso_values.9691	undefined1[256]	256
DATA	003acff0	DAT_003acff0	undefined1	1
DATA	003acff4	s_ASCII_003acff4	string	6
DATA	003acffc	DAT_003acffc	undefined1	1
DATA	003ad008	DAT_003ad008	undefined1	1
DATA	003ad1e0	__FRAME_END__	dword	4
DATA	003ad1e4	eh_frame_hdr_003ad1e4	eh_frame_hdr	4
DATA	003ae5c4	_ZL8z_errmsg	undefined *	4
DATA	003ae5c4	z_errmsg	undefined *	4
DATA	003ae5ec	mui_typename	undefined1	1
DATA	003ae5f0	PTR_DAT_003ae5f0	undefined *	4
DATA	003ae610	ArchivePath	undefined1[64]	64
DATA	003ae650	number	undefined1[40]	40
DATA	003ae678	KayName	undefined1[48]	48
DATA	003ae6a8	p_name	undefined1[16]	16
DATA	003ae6b8	entities.6989	undefined1	1
DATA	003aeab8	DAT_003aeab8	undefined4	4
DATA	003aeabc	DAT_003aeabc	undefined4	4
DATA	003aeec0	types.7806	undefined *	4
DATA	003aeed0	DAT_003aeed0	undefined4	4
DATA	003aeed8	__DT_INIT_ARRAY	pointer	4
DATA	003aeed8	__frame_dummy_init_array_entry	pointer	4
DATA	003aeed8	__init_array_start	pointer	4
DATA	003aeedc	__DT_FINI_ARRAY	pointer	4
DATA	003aeedc	__do_global_dtors_aux_fini_array_entry	pointer	4
DATA	003aeedc	__init_array_end	pointer	4
DATA	003aeee4	__JCR_LIST__	undefined4	4
DATA	003aeee4	__JCR_END__	undefined4	4
DATA	003aeee8	_DYNAMIC	Elf32_Dyn_ARM[30]	240
DATA	003af000	data_start	undefined1	1
DATA	003af000	__data_start	undefined1	1
DATA	003af004	__dso_handle	undefined1	1
DATA	003af008	DAT_003af008	undefined4	4
DATA	003af00c	DAT_003af00c	undefined4	4
DATA	003af010	DAT_003af010	undefined4	4
DATA	003af014	DAT_003af014	undefined4	4
DATA	003af018	running	undefined4	4
DATA	003af01c	Rowspacing	undefined4	4
DATA	003af020	joystick_fd	undefined1	1
DATA	003af030	RF_JOYTable	undefined1[120]	120
DATA	003af0a8	CHANNEL_TBL	undefined4	4
DATA	003af0ac	RX_ADDRESS1	undefined5	5
DATA	003af0b4	RX_ADDRESS0	undefined5	5
DATA	003af0bc	Dem_cal2_data	undefined3	3
DATA	003af0c0	RF_cal2_data	undefined6	6
DATA	003af0c8	RF_cal_data	undefined3	3
DATA	003af0cc	BB_cal_data	undefined5	5
DATA	003af0d4	USB_Table	undefined1[384]	384
DATA	003af254	JOYSTICK_DEVNAME	undefined *	4
DATA	003af264	m_ui	undefined4	4
DATA	003af268	DAT_003af268	undefined4	4
DATA	003af26c	DAT_003af26c	undefined4	4
DATA	003af270	DAT_003af270	undefined4	4
DATA	003af274	DAT_003af274	undefined4	4
DATA	003af278	DAT_003af278	undefined4	4
DATA	003af27c	DAT_003af27c	undefined4	4
DATA	003af280	DAT_003af280	undefined4	4
DATA	003af284	DAT_003af284	undefined4	4
DATA	003af288	DAT_003af288	undefined4	4
DATA	003af28c	DAT_003af28c	undefined4	4
DATA	003af290	DAT_003af290	undefined4	4
DATA	003af294	DAT_003af294	undefined4	4
DATA	003af298	DAT_003af298	undefined4	4
DATA	003af29c	DAT_003af29c	undefined4	4
DATA	003af2a0	DAT_003af2a0	undefined4	4
DATA	003af2a4	DAT_003af2a4	undefined4	4
DATA	003af2a8	DAT_003af2a8	undefined4	4
DATA	003af2ac	DAT_003af2ac	undefined4	4
DATA	003af2b0	DAT_003af2b0	undefined4	4
DATA	003af2b4	DAT_003af2b4	undefined4	4
DATA	003af2b8	DAT_003af2b8	undefined4	4
DATA	003af2bc	DAT_003af2bc	undefined4	4
DATA	003af2c0	DAT_003af2c0	undefined4	4
DATA	003af30c	DAT_003af30c	undefined4	4
DATA	003af310	DAT_003af310	undefined4	4
DATA	003af314	DAT_003af314	undefined4	4
DATA	003af318	DAT_003af318	undefined4	4
DATA	003af31c	DAT_003af31c	undefined4	4
DATA	003af320	DAT_003af320	undefined4	4
DATA	003af324	DAT_003af324	undefined4	4
DATA	003af328	DAT_003af328	undefined4	4
DATA	003af32c	DAT_003af32c	undefined4	4
DATA	003af330	DAT_003af330	undefined4	4
DATA	003af37c	DAT_003af37c	undefined4	4
DATA	003af380	DAT_003af380	undefined4	4
DATA	003af384	DAT_003af384	undefined4	4
DATA	003af388	DAT_003af388	undefined4	4
DATA	003af38c	DAT_003af38c	undefined4	4
DATA	003af390	DAT_003af390	undefined4	4
DATA	003af394	DAT_003af394	undefined4	4
DATA	003af398	DAT_003af398	undefined4	4
DATA	003af39c	DAT_003af39c	undefined4	4
DATA	003af3a0	DAT_003af3a0	undefined4	4
DATA	003af3a4	DAT_003af3a4	undefined4	4
DATA	003af3a8	DAT_003af3a8	undefined4	4
DATA	003af3ac	DAT_003af3ac	undefined4	4
DATA	003af698	DAT_003af698	undefined4	4
DATA	003af69c	DAT_003af69c	undefined4	4
DATA	003af6a0	DAT_003af6a0	undefined4	4
DATA	003af6a4	DAT_003af6a4	undefined4	4
DATA	003af6a8	DAT_003af6a8	undefined4	4
DATA	003af6ac	DAT_003af6ac	undefined4	4
DATA	003af6b0	DAT_003af6b0	undefined4	4
DATA	003af6b8	DAT_003af6b8	undefined4	4
DATA	003af6bc	DAT_003af6bc	undefined4	4
DATA	003af6c0	DAT_003af6c0	undefined4	4
DATA	003af6c4	DAT_003af6c4	undefined4	4
DATA	003af6c8	DAT_003af6c8	undefined4	4
DATA	003af6cc	DAT_003af6cc	undefined4	4
DATA	003af6d0	DAT_003af6d0	undefined4	4
DATA	003af6d4	DAT_003af6d4	undefined4	4
DATA	003af6d8	DAT_003af6d8	undefined4	4
DATA	003af6dc	DAT_003af6dc	undefined4	4
DATA	003af6e0	DAT_003af6e0	undefined4	4
DATA	003af6e4	DAT_003af6e4	undefined4	4
DATA	003af6e8	DAT_003af6e8	undefined4	4
DATA	003af6f0	DAT_003af6f0	undefined4	4
DATA	003af6f4	DAT_003af6f4	undefined4	4
DATA	003af6f8	DAT_003af6f8	undefined4	4
DATA	003af6fc	DAT_003af6fc	undefined4	4
DATA	003af700	DAT_003af700	undefined4	4
DATA	003af704	DAT_003af704	undefined4	4
DATA	003af708	DAT_003af708	undefined4	4
DATA	003af70f	DAT_003af70f	undefined4	4
DATA	003af718	DAT_003af718	undefined4	4
DATA	003af71c	DAT_003af71c	undefined4	4
DATA	003af720	DAT_003af720	undefined4	4
DATA	003af724	DAT_003af724	undefined4	4
DATA	003af728	DAT_003af728	undefined4	4
DATA	003af72c	DAT_003af72c	undefined4	4
DATA	003af730	DAT_003af730	undefined4	4
DATA	003af734	DAT_003af734	undefined4	4
DATA	003af738	DAT_003af738	undefined4	4
DATA	003af73c	DAT_003af73c	undefined4	4
DATA	003af740	DAT_003af740	undefined4	4
DATA	003af744	DAT_003af744	undefined4	4
DATA	003af748	DAT_003af748	undefined4	4
DATA	003af74c	DAT_003af74c	undefined2	2
DATA	003af788	DAT_003af788	undefined4	4
DATA	003af78c	DAT_003af78c	undefined4	4
DATA	003af790	DAT_003af790	undefined4	4
DATA	003af794	DAT_003af794	undefined4	4
DATA	003af798	DAT_003af798	undefined4	4
DATA	003af79c	DAT_003af79c	undefined4	4
DATA	003af7a0	DAT_003af7a0	undefined4	4
DATA	003af7a4	DAT_003af7a4	undefined4	4
DATA	003af7a8	DAT_003af7a8	undefined4	4
DATA	003af7ac	DAT_003af7ac	undefined4	4
DATA	003af7b0	DAT_003af7b0	undefined4	4
DATA	003af7b4	DAT_003af7b4	undefined4	4
DATA	003af7b8	DAT_003af7b8	undefined4	4
DATA	003af7bc	DAT_003af7bc	undefined4	4
DATA	003af7c0	DAT_003af7c0	undefined4	4
DATA	003af7c4	DAT_003af7c4	undefined4	4
DATA	003af7c8	DAT_003af7c8	undefined4	4
DATA	003af7cc	DAT_003af7cc	undefined4	4
DATA	003af7d0	DAT_003af7d0	undefined4	4
DATA	003af7d4	DAT_003af7d4	undefined4	4
DATA	003af7d8	DAT_003af7d8	undefined2	2
DATA	003af7e0	DAT_003af7e0	undefined4	4
DATA	003af7e4	DAT_003af7e4	undefined4	4
DATA	003af7e8	DAT_003af7e8	undefined4	4
DATA	003af7ec	DAT_003af7ec	undefined4	4
DATA	003af7f0	DAT_003af7f0	undefined4	4
DATA	003af7f4	DAT_003af7f4	undefined4	4
DATA	003af7f8	DAT_003af7f8	undefined4	4
DATA	003af7fc	DAT_003af7fc	undefined4	4
DATA	003af800	DAT_003af800	undefined4	4
DATA	003af804	DAT_003af804	undefined4	4
DATA	003af808	DAT_003af808	undefined2	2
DATA	003af820	DAT_003af820	undefined4	4
DATA	003af824	DAT_003af824	undefined4	4
DATA	003af828	DAT_003af828	undefined4	4
DATA	003af82c	DAT_003af82c	undefined4	4
DATA	003af830	DAT_003af830	undefined4	4
DATA	003af834	DAT_003af834	undefined4	4
DATA	003af838	DAT_003af838	undefined4	4
DATA	003af83c	DAT_003af83c	undefined4	4
DATA	003af840	DAT_003af840	undefined4	4
DATA	003af844	DAT_003af844	undefined4	4
DATA	003af848	m_movetab	undefined1[920]	920
DATA	003afbe0	m_joysticktab	undefined1[924]	924
DATA	003aff7c	m_statetab	undefined1[144]	144
DATA	003b000c	KEY_Table	undefined1[64]	64
DATA	003b004c	P1_Table	undefined1[220]	220
DATA	003b0128	turbo_delay	undefined4	4
DATA	003b012c	DAT_003b012c	undefined4	4
DATA	003b0130	DAT_003b0130	undefined4	4
DATA	003b0134	DAT_003b0134	undefined4	4
DATA	003b0138	DAT_003b0138	undefined4	4
DATA	003b013c	DAT_003b013c	undefined4	4
DATA	003b0140	DAT_003b0140	undefined4	4
DATA	003b0144	DAT_003b0144	undefined4	4
DATA	003b0148	DAT_003b0148	undefined4	4
DATA	003b014c	DAT_003b014c	undefined4	4
DATA	003b0150	DAT_003b0150	undefined4	4
DATA	003b0154	user_joy_key_mask	undefined1[256]	256
DATA	003b0300	s_libemu_sfc.so_003b0300	string	14
DATA	003b1ce4	fps0	undefined4	4
DATA	003b1ce8	sound_len	undefined4	4
DATA	003b1cec	GameMenuHotKey	undefined4	4
DATA	003b1cf0	SaveDefaultStateKey	undefined4	4
DATA	003b1cf4	_mxml_key	undefined4	4
DATA	003b1cf8	_libiconv_version	undefined1	1
DATA	003b1cfc	__TMC_LIST__	pointer	4
DATA	003b1cfc	__TMC_END__	pointer	4
DATA	003b1d00	PTR_stdout_003b1d00	pointer	4
DATA	003b1d04	PTR_work_path_003b1d04	pointer	4
DATA	003b1d08	PTR_displayfps_003b1d08	pointer	4
DATA	003b1d0c	PTR_DisplayThread_003b1d0c	pointer	4
DATA	003b1d10	PTR_soft_rotation_003b1d10	pointer	4
DATA	003b1d14	PTR_stderr_003b1d14	pointer	4
DATA	003b1d18	PTR_SaveDefaultStateKey_003b1d18	pointer	4
DATA	003b1d1c	PTR_AutoRestoreKey_003b1d1c	pointer	4
DATA	003b1d20	PTR_GameMenuHotKey_003b1d20	pointer	4
DATA	003b1d24	PTR_autorunfile_003b1d24	pointer	4
DATA	003b1d28	PTR_autorundriver_003b1d28	pointer	4
DATA	003b1d2c	PTR_output_x_003b1d2c	pointer	4
DATA	003b1d30	PTR_output_y_003b1d30	pointer	4
DATA	003b1d34	PTR_asc2_1608_003b1d34	pointer	4
DATA	003b1d38	PTR_scr_h_size_003b1d38	pointer	4
DATA	003b1d3c	PTR_scr_data_003b1d3c	pointer	4
DATA	003b1d40	PTR_Rowspacing_003b1d40	pointer	4
DATA	003b1d44	PTR_scr_v_size_003b1d44	pointer	4
DATA	003b1d48	PTR_bprintf_buf_003b1d48	pointer	4
DATA	003b1d4c	PTR_spi_printf_needflash_003b1d4c	pointer	4
DATA	003b1d50	PTR_shmid_003b1d50	pointer	4
DATA	003b1d54	PTR_shm_003b1d54	pointer	4
DATA	003b1d58	PTR_XintiaoThread_003b1d58	pointer	4
DATA	003b1d5c	PTR_spi_id_003b1d5c	pointer	4
DATA	003b1d60	PTR_diff_prev_003b1d60	pointer	4
DATA	003b1d64	PTR_frame_time_last_003b1d64	pointer	4
DATA	003b1d68	PTR_resource_path_003b1d68	pointer	4
DATA	003b1d6c	PTR_JOYSTICK_DEVNAME_003b1d6c	pointer	4
DATA	003b1d70	PTR_USBJoy_debug_003b1d70	pointer	4
DATA	003b1d74	PTR_USB_Table_003b1d74	pointer	4
DATA	003b1d78	PTR_InputDeviceInfo_003b1d78	pointer	4
DATA	003b1d7c	PTR_RF_joy_key_003b1d7c	pointer	4
DATA	003b1d80	PTR_joy_key_003b1d80	pointer	4
DATA	003b1d84	PTR_joytemp0_003b1d84	pointer	4
DATA	003b1d88	PTR_joytemp1_003b1d88	pointer	4
DATA	003b1d8c	PTR_Joy1_Press_003b1d8c	pointer	4
DATA	003b1d90	PTR_Joy1_Delay_003b1d90	pointer	4
DATA	003b1d94	PTR_BB_cal_data_003b1d94	pointer	4
DATA	003b1d98	PTR_RF_JOYTable_003b1d98	pointer	4
DATA	003b1d9c	PTR_TimeCountReg_003b1d9c	pointer	4
DATA	003b1da0	PTR_RF_cal_data_003b1da0	pointer	4
DATA	003b1da4	PTR_RF_cal2_data_003b1da4	pointer	4
DATA	003b1da8	PTR_Dem_cal2_data_003b1da8	pointer	4
DATA	003b1dac	PTR_RX_ADDRESS0_003b1dac	pointer	4
DATA	003b1db0	PTR_RX_ADDRESS1_003b1db0	pointer	4
DATA	003b1db4	PTR_ChannelIndex_003b1db4	pointer	4
DATA	003b1db8	PTR_CHANNEL_TBL_003b1db8	pointer	4
DATA	003b1dbc	PTR_ReturnToMenu_003b1dbc	pointer	4
DATA	003b1dc0	PTR_RF_Joystick_timer_isr_003b1dc0	pointer	4
DATA	003b1dc4	PTR_IR_JoyKey_003b1dc4	pointer	4
DATA	003b1dc8	PTR_DisplayThreadflag_003b1dc8	pointer	4
DATA	003b1dcc	PTR_mutex_003b1dcc	pointer	4
DATA	003b1dd0	PTR_video_driver_frame_003b1dd0	pointer	4
DATA	003b1dd4	PTR_Frame_pitch_003b1dd4	pointer	4
DATA	003b1dd8	PTR_Frame_height_003b1dd8	pointer	4
DATA	003b1ddc	PTR_Frame_width_003b1ddc	pointer	4
DATA	003b1de0	PTR_Frame_data_003b1de0	pointer	4
DATA	003b1de4	PTR_cond_003b1de4	pointer	4
DATA	003b1de8	PTR_video_driver_setting_003b1de8	pointer	4
DATA	003b1dec	PTR_set_rotation_003b1dec	pointer	4
DATA	003b1df0	PTR_video_driver_get_size_003b1df0	pointer	4
DATA	003b1df4	PTR_USE_HDMI_OUT_003b1df4	pointer	4
DATA	003b1df8	PTR_ScaleDisplayThread_003b1df8	pointer	4
DATA	003b1e00	PTR_sound_driver_playframe_003b1e00	pointer	4
DATA	003b1e04	PTR_zcalloc_003b1e04	pointer	4
DATA	003b1e08	PTR_zcfree_003b1e08	pointer	4
DATA	003b1e0c	PTR_SPI_MODE_003b1e0c	pointer	4
DATA	003b1e10	PTR_key2_003b1e10	pointer	4
DATA	003b1e14	PTR_lasterrorU_003b1e14	pointer	4
DATA	003b1e18	PTR_root_path_003b1e18	pointer	4
DATA	003b1e1c	PTR_Filetype_003b1e1c	pointer	4
DATA	003b1e20	PTR_ZIP_BUF_SIZE_003b1e20	pointer	4
DATA	003b1e24	PTR_ZIP_BUF_003b1e24	pointer	4
DATA	003b1e28	PTR_mui_MenuMusic_003b1e28	pointer	4
DATA	003b1e2c	PTR_mui_Effect0_003b1e2c	pointer	4
DATA	003b1e30	PTR_mui_Effect1_003b1e30	pointer	4
DATA	003b1e34	PTR_default_core_list_003b1e34	pointer	4
DATA	003b1e38	PTR_mainkey_003b1e38	pointer	4
DATA	003b1e3c	PTR_alphasort_003b1e3c	pointer	4
DATA	003b1e40	PTR_SoundPlayer_003b1e40	pointer	4
DATA	003b1e44	PTR_Soundplayflag_003b1e44	pointer	4
DATA	003b1e48	PTR_RomName_003b1e48	pointer	4
DATA	003b1e4c	PTR_file_info_list_ext_003b1e4c	pointer	4
DATA	003b1e50	PTR_mui_SoundplayThread_003b1e50	pointer	4
DATA	003b1e54	PTR_mui_DisplayThumbnailThread_003b1e54	pointer	4
DATA	003b1e58	PTR_errorcount_003b1e58	pointer	4
DATA	003b1e5c	PTR_DisplayZoomFlag_003b1e5c	pointer	4
DATA	003b1e60	PTR_keyMapping_003b1e60	pointer	4
DATA	003b1e64	PTR_progress_stepcount_003b1e64	pointer	4
DATA	003b1e68	PTR_scr_buf_003b1e68	pointer	4
DATA	003b1e6c	PTR_P1_Table_003b1e6c	pointer	4
DATA	003b1e70	PTR_game_joy_key_003b1e70	pointer	4
DATA	003b1e74	PTR_user_joy_key_mask_003b1e74	pointer	4
DATA	003b1e78	PTR_KEY_Table_003b1e78	pointer	4
DATA	003b1e7c	PTR_bimapFilebuffer_003b1e7c	pointer	4
DATA	003b1e80	PTR_ChangeSeting_003b1e80	pointer	4
DATA	003b1e84	PTR_pause_ret_003b1e84	pointer	4
DATA	003b1e88	PTR_use_rgb_8888_003b1e88	pointer	4
DATA	003b1e8c	PTR_rotation_003b1e8c	pointer	4
DATA	003b1e90	PTR_this_frame_003b1e90	pointer	4
DATA	003b1e94	PTR_inTimeVal_003b1e94	pointer	4
DATA	003b1e98	PTR_rotation_buff_003b1e98	pointer	4
DATA	003b1e9c	PTR_corecfg_003b1e9c	pointer	4
DATA	003b1ea0	PTR_fpsbuf_003b1ea0	pointer	4
DATA	003b1ea4	PTR_pal_ntsc_003b1ea4	pointer	4
DATA	003b1ea8	PTR_prev_time_003b1ea8	pointer	4
DATA	003b1eac	PTR_DispFrameCount_003b1eac	pointer	4
DATA	003b1eb0	PTR_fps0_003b1eb0	pointer	4
DATA	003b1eb4	PTR_FrameSkip_003b1eb4	pointer	4
DATA	003b1eb8	PTR_STD_index_003b1eb8	pointer	4
DATA	003b1ebc	PTR_user_joy_key_trubo_003b1ebc	pointer	4
DATA	003b1ec0	PTR_joy_key_mask_003b1ec0	pointer	4
DATA	003b1ec4	PTR_pf_003b1ec4	pointer	4
DATA	003b1ec8	PTR_fps_ptr_003b1ec8	pointer	4
DATA	003b1ecc	PTR_overtime_003b1ecc	pointer	4
DATA	003b1ed0	PTR_overtime1_003b1ed0	pointer	4
DATA	003b1ed4	PTR_DrawFrame_003b1ed4	pointer	4
DATA	003b1ed8	PTR_PlayFrame_003b1ed8	pointer	4
DATA	003b1edc	PTR_joystick_input_003b1edc	pointer	4
DATA	003b1ee0	PTR_environment_003b1ee0	pointer	4
DATA	003b1ee4	PTR_joystick_poll_003b1ee4	pointer	4
DATA	003b1ee8	PTR__retro_get_region_003b1ee8	pointer	4
DATA	003b1eec	PTR__retro_run_003b1eec	pointer	4
DATA	003b1ef0	PTR__SetFrameSkip_003b1ef0	pointer	4
DATA	003b1ef4	PTR_sound_len_003b1ef4	pointer	4
DATA	003b1ef8	PTR_outTimeVal_003b1ef8	pointer	4
DATA	003b1efc	PTR_fps_003b1efc	pointer	4
DATA	003b1f00	PTR_maxSkips_003b1f00	pointer	4
DATA	003b1f04	PTR_initialTicks_003b1f04	pointer	4
DATA	003b1f08	PTR_FrameCount0_003b1f08	pointer	4
DATA	003b1f0c	PTR_skipCounter_003b1f0c	pointer	4
DATA	003b1f10	PTR_FrameCount_003b1f10	pointer	4
DATA	003b1f14	PTR_n_input_width_003b1f14	pointer	4
DATA	003b1f18	PTR_n_input_height_003b1f18	pointer	4
DATA	003b1f1c	PTR_n_input_visible_width_003b1f1c	pointer	4
DATA	003b1f20	PTR_n_input_visible_height_003b1f20	pointer	4
DATA	003b1f24	PTR_screen_w_003b1f24	pointer	4
DATA	003b1f28	PTR_screen_x_003b1f28	pointer	4
DATA	003b1f2c	PTR_fileName_003b1f2c	pointer	4
DATA	003b1f30	PTR_game_003b1f30	pointer	4
DATA	003b1f34	PTR_romfile_003b1f34	pointer	4
DATA	003b1f38	PTR__retro_is_support_003b1f38	pointer	4
DATA	003b1f3c	PTR_progress_003b1f3c	pointer	4
DATA	003b1f40	PTR__retro_set_device_003b1f40	pointer	4
DATA	003b1f44	PTR_items_003b1f44	pointer	4
DATA	003b1f48	PTR_gpsp_unzip_003b1f48	pointer	4
DATA	003b1f4c	PTR__retro_serialize_size_003b1f4c	pointer	4
DATA	003b1f50	PTR__retro_serialize_003b1f50	pointer	4
DATA	003b1f54	PTR__retro_unserialize_003b1f54	pointer	4
DATA	003b1f58	PTR_xmp3_samplesPerFrameTab_003b1f58	pointer	4
DATA	003b1f5c	PTR_xmp3_ISFMpeg1_003b1f5c	pointer	4
DATA	003b1f60	PTR_xmp3_ISFIIP_003b1f60	pointer	4
DATA	003b1f64	PTR_xmp3_ISFMpeg2_003b1f64	pointer	4
DATA	003b1f68	PTR_xmp3_polyCoef_003b1f68	pointer	4
DATA	003b1f6c	PTR_xmp3_imdctWin_003b1f6c	pointer	4
DATA	003b1f70	PTR_xmp3_csa_003b1f70	pointer	4
DATA	003b1f74	PTR_xmp3_huffTabLookup_003b1f74	pointer	4
DATA	003b1f78	PTR_xmp3_huffTabOffset_003b1f78	pointer	4
DATA	003b1f7c	PTR_xmp3_huffTable_003b1f7c	pointer	4
DATA	003b1f80	PTR_xmp3_quadTabOffset_003b1f80	pointer	4
DATA	003b1f84	PTR_xmp3_quadTabMaxBits_003b1f84	pointer	4
DATA	003b1f88	PTR_xmp3_quadTable_003b1f88	pointer	4
DATA	003b1f8c	PTR_xmp3_sfBandTable_003b1f8c	pointer	4
DATA	003b1f90	PTR_xmp3_samplerateTab_003b1f90	pointer	4
DATA	003b1f94	PTR_xmp3_bitrateTab_003b1f94	pointer	4
DATA	003b1f98	PTR_xmp3_sideBytesTab_003b1f98	pointer	4
DATA	003b1f9c	PTR_xmp3_slotTab_003b1f9c	pointer	4
DATA	003b1fa0	PTR_mp3DecInfo_003b1fa0	pointer	4
DATA	003b1fa4	PTR_sfi_003b1fa4	pointer	4
DATA	003b1fa8	PTR_fh_003b1fa8	pointer	4
DATA	003b1fac	PTR_si_003b1fac	pointer	4
DATA	003b1fb0	PTR_hi_003b1fb0	pointer	4
DATA	003b1fb4	PTR_di_003b1fb4	pointer	4
DATA	003b1fb8	PTR_mi_003b1fb8	pointer	4
DATA	003b1fbc	PTR_sbi_003b1fbc	pointer	4
DATA	003b1fc0	PTR__mxml_entity_cb_003b1fc0	pointer	4
DATA	003b1fc4	__DT_PLTGOT	pointer	4
DATA	003b1fc4	_GLOBAL_OFFSET_TABLE_	pointer	4
DATA	003b1fcc	PTR_003b1fcc	pointer	4
DATA	003b1fd0	PTR___libc_start_main_003b1fd0	pointer	4
DATA	003b1fd4	PTR_abort_003b1fd4	pointer	4
DATA	003b1fd8	PTR___gmon_start___003b1fd8	pointer	4
DATA	003b1fdc	PTR_vfprintf_003b1fdc	pointer	4
DATA	003b1fe0	PTR_fflush_003b1fe0	pointer	4
DATA	003b1fe4	PTR_fileno_003b1fe4	pointer	4
DATA	003b1fe8	PTR_fsync_003b1fe8	pointer	4
DATA	003b1fec	PTR_sprintf_003b1fec	pointer	4
DATA	003b1ff0	PTR_fopen_003b1ff0	pointer	4
DATA	003b1ff4	PTR_fclose_003b1ff4	pointer	4
DATA	003b1ff8	PTR_strtol_003b1ff8	pointer	4
DATA	003b1ffc	PTR_printf_003b1ffc	pointer	4
DATA	003b2000	PTR_stpcpy_003b2000	pointer	4
DATA	003b2004	PTR_strcpy_003b2004	pointer	4
DATA	003b2008	PTR_puts_003b2008	pointer	4
DATA	003b200c	PTR_memcpy_003b200c	pointer	4
DATA	003b2010	PTR_readlink_003b2010	pointer	4
DATA	003b2014	PTR_strrchr_003b2014	pointer	4
DATA	003b2018	PTR_fgets_003b2018	pointer	4
DATA	003b201c	PTR_vsnprintf_003b201c	pointer	4
DATA	003b2020	PTR_shmget_003b2020	pointer	4
DATA	003b2024	PTR_shmat_003b2024	pointer	4
DATA	003b2028	PTR_shmdt_003b2028	pointer	4
DATA	003b202c	PTR_usleep_003b202c	pointer	4
DATA	003b2030	PTR_malloc_003b2030	pointer	4
DATA	003b2034	PTR_pthread_create_003b2034	pointer	4
DATA	003b2038	PTR_putchar_003b2038	pointer	4
DATA	003b203c	PTR_free_003b203c	pointer	4
DATA	003b2040	PTR_fread_003b2040	pointer	4
DATA	003b2044	PTR_memset_003b2044	pointer	4
DATA	003b2048	PTR_sync_003b2048	pointer	4
DATA	003b204c	PTR_reboot_003b204c	pointer	4
DATA	003b2050	PTR_access_003b2050	pointer	4
DATA	003b2054	PTR_read_003b2054	pointer	4
DATA	003b2058	PTR_close_003b2058	pointer	4
DATA	003b205c	PTR_strcat_003b205c	pointer	4
DATA	003b2060	PTR_open_003b2060	pointer	4
DATA	003b2064	PTR___errno_location_003b2064	pointer	4
DATA	003b2068	PTR_gettimeofday_003b2068	pointer	4
DATA	003b206c	PTR_fseek_003b206c	pointer	4
DATA	003b2070	PTR_ftell_003b2070	pointer	4
DATA	003b2074	PTR_compress_003b2074	pointer	4
DATA	003b2078	PTR_uncompress_003b2078	pointer	4
DATA	003b207c	PTR_strcmp_003b207c	pointer	4
DATA	003b2080	PTR_mmap_003b2080	pointer	4
DATA	003b2084	PTR_munmap_003b2084	pointer	4
DATA	003b2088	PTR_strlen_003b2088	pointer	4
DATA	003b208c	PTR_strchr_003b208c	pointer	4
DATA	003b2090	PTR___isoc99_sscanf_003b2090	pointer	4
DATA	003b2094	PTR_strstr_003b2094	pointer	4
DATA	003b2098	PTR_pthread_mutex_unlock_003b2098	pointer	4
DATA	003b209c	PTR_pthread_mutex_lock_003b209c	pointer	4
DATA	003b20a0	PTR_pthread_cond_signal_003b20a0	pointer	4
DATA	003b20a4	PTR_pthread_cond_wait_003b20a4	pointer	4
DATA	003b20a8	PTR_dlsym_003b20a8	pointer	4
DATA	003b20ac	PTR_dlopen_003b20ac	pointer	4
DATA	003b20b0	PTR_dlerror_003b20b0	pointer	4
DATA	003b20b4	PTR_dlclose_003b20b4	pointer	4
DATA	003b20b8	PTR_calloc_003b20b8	pointer	4
DATA	003b20bc	PTR_operator.new_003b20bc	pointer	4
DATA	003b20c0	PTR_operator.delete_003b20c0	pointer	4
DATA	003b20c4	PTR_operator.new[]_003b20c4	pointer	4
DATA	003b20c8	PTR_operator.delete[]_003b20c8	pointer	4
DATA	003b20cc	PTR_fwrite_003b20cc	pointer	4
DATA	003b20d0	PTR_strncpy_003b20d0	pointer	4
DATA	003b20d4	PTR_sqrt_003b20d4	pointer	4
DATA	003b20d8	PTR_sqrtf_003b20d8	pointer	4
DATA	003b20dc	PTR_pow_003b20dc	pointer	4
DATA	003b20e0	PTR_islower_003b20e0	pointer	4
DATA	003b20e4	PTR___ctype_toupper_loc_003b20e4	pointer	4
DATA	003b20e8	PTR_rewind_003b20e8	pointer	4
DATA	003b20ec	PTR_fputc_003b20ec	pointer	4
DATA	003b20f0	PTR_fprintf_003b20f0	pointer	4
DATA	003b20f4	PTR_pthread_self_003b20f4	pointer	4
DATA	003b20f8	PTR_pthread_detach_003b20f8	pointer	4
DATA	003b20fc	PTR_floorf_003b20fc	pointer	4
DATA	003b2100	PTR_ceilf_003b2100	pointer	4
DATA	003b2104	PTR_fmod_003b2104	pointer	4
DATA	003b2108	PTR_acos_003b2108	pointer	4
DATA	003b210c	PTR_cos_003b210c	pointer	4
DATA	003b2110	PTR___ctype_b_loc_003b2110	pointer	4
DATA	003b2114	PTR_scandir_003b2114	pointer	4
DATA	003b2118	PTR_mkdir_003b2118	pointer	4
DATA	003b211c	PTR_memmove_003b211c	pointer	4
DATA	003b2120	PTR_realloc_003b2120	pointer	4
DATA	003b2124	PTR___strdup_003b2124	pointer	4
DATA	003b2128	PTR__IO_getc_003b2128	pointer	4
DATA	003b212c	PTR_write_003b212c	pointer	4
DATA	003b2130	PTR__IO_putc_003b2130	pointer	4
DATA	003b2134	PTR_strncmp_003b2134	pointer	4
DATA	003b2138	PTR_strtod_003b2138	pointer	4
DATA	003b213c	PTR_strerror_003b213c	pointer	4
DATA	003b2140	PTR_snprintf_003b2140	pointer	4
DATA	003b2144	PTR_pthread_key_create_003b2144	pointer	4
DATA	003b2148	PTR_pthread_once_003b2148	pointer	4
DATA	003b214c	PTR_pthread_getspecific_003b214c	pointer	4
DATA	003b2150	PTR_pthread_setspecific_003b2150	pointer	4
DATA	003b2154	PTR_pthread_key_delete_003b2154	pointer	4
DATA	003b2158	PTR_wcrtomb_003b2158	pointer	4
DATA	003b215c	PTR___ctype_get_mb_cur_max_003b215c	pointer	4
DATA	003b2160	PTR_mbrtowc_003b2160	pointer	4
DATA	003b2164	PTR_memcmp_003b2164	pointer	4
DATA	003b2168	PTR_qsort_003b2168	pointer	4
DATA	003b216c	PTR_nl_langinfo_003b216c	pointer	4
DATA	003b2170	PTR_raise_003b2170	pointer	4
DATA	003b2178	completed.10349	undefined1	1
DATA	003b217c	log_file_initialized	undefined1	1
DATA	003b2180	log_file_fp	undefined4	4
DATA	003b2184	shm	undefined4	4
DATA	003b2188	spi_printf_needflash	undefined4	4
DATA	003b218c	scr_data	undefined4	4
DATA	003b2190	soft_rotation	undefined4	4
DATA	003b2194	displayfps	undefined4	4
DATA	003b2198	DisplayThread	undefined4	4
DATA	003b219c	CRU	undefined4	4
DATA	003b21a0	GRF	undefined4	4
DATA	003b21a4	GPIO0	undefined4	4
DATA	003b21a8	GPIO1	undefined4	4
DATA	003b21ac	GPIO2	undefined4	4
DATA	003b21b0	joy_key_tmp	undefined1	1
DATA	003b21c0	gpiosignal	undefined4	4
DATA	003b21c4	gpiofp	undefined4	4
DATA	003b21c8	handle	undefined4	4
DATA	003b21cc	DisplayThreadflag	undefined4	4
DATA	003b21d0	mutex	undefined1[24]	24
DATA	003b21e8	cond	undefined1[48]	48
DATA	003b2218	_ZL10zopenerror	undefined4	4
DATA	003b2218	zopenerror	undefined4	4
DATA	003b221c	lasterrorU	undefined4	4
DATA	003b2220	file_info_list	undefined1	1
DATA	003b2320	DAT_003b2320	undefined4	4
DATA	003b2324	DAT_003b2324	undefined1	1
DATA	003b23a4	DAT_003b23a4	undefined1	1
DATA	003b2424	DAT_003b2424	undefined1	1
DATA	003b24a4	DAT_003b24a4	undefined1	1
DATA	003b2624	DAT_003b2624	undefined1	1
DATA	003b2724	DAT_003b2724	undefined4	4
DATA	003b2728	DAT_003b2728	undefined1	1
DATA	003b27a8	DAT_003b27a8	undefined1	1
DATA	003b2828	DAT_003b2828	undefined1	1
DATA	003b28a8	DAT_003b28a8	undefined1	1
DATA	003b2a28	DAT_003b2a28	undefined1	1
DATA	003bc2c0	FilenameExt	undefined4	4
DATA	003bc2c4	tree	undefined4	4
DATA	003bc2c8	filelist_tree	undefined4	4
DATA	003bc2cc	res_hz	undefined4	4
DATA	003bc2d0	ze	undefined1[304]	304
DATA	003bc400	zr	undefined4	4
DATA	003bc404	mui_fast_lsit	undefined4	4
DATA	003bc408	m_search	undefined4	4
DATA	003bc40c	DisplayThumbnailflag	undefined4	4
DATA	003bc410	ForceFlashCount	undefined4	4
DATA	003bc414	diff_prev	undefined4	4
DATA	003bc418	m_time0	undefined4	4
DATA	003bc41c	font	undefined1[124]	124
DATA	003bc498	fontscale	undefined4	4
DATA	003bc49c	fontascent	undefined4	4
DATA	003bc4a0	fontbaseline	undefined4	4
DATA	003bc4a4	OutRect	undefined1[24]	24
DATA	003bc4bc	fontbitmap	undefined1[4096]	4096
DATA	003bd4bc	fontname	undefined1[32]	32
DATA	003bd4dc	fontbuffer	undefined4	4
DATA	003bd4e0	configitems	undefined1[50000]	50000
DATA	003c9830	m_menulog	undefined1[444]	444
DATA	003c99ec	path	undefined1[256]	256
DATA	003c9aec	core_info_list	undefined1[20480]	20480
DATA	003ceaec	hz	undefined4	4
DATA	003ceaf0	SoundBuffer	undefined1[2944]	2944
DATA	003cf670	scrbuf	undefined4	4
DATA	003cf674	Soundplayflag	undefined4	4
DATA	003cf678	errorcount	undefined4	4
DATA	003cf67c	bimapFilebuffer	undefined4	4
DATA	003cf680	USBJoy_debug	undefined4	4
DATA	003cf684	SPI_MODE	undefined4	4
DATA	003cf688	system_directory	undefined1	1
DATA	003cf788	save_directory	undefined1[256]	256
DATA	003cf888	environment_str	undefined1[256]	256
DATA	003cf988	handle	undefined4	4
DATA	003cf98c	user_joy_key_trubo	undefined1[256]	256
DATA	003cfa8c	rgb_565_buffer	undefined4	4
DATA	003cfa90	use_rgb_8888	undefined4	4
DATA	003cfa94	rotation_buff	undefined4	4
DATA	003cfa98	rotation	undefined4	4
DATA	003cfa9c	skipCounter	undefined4	4
DATA	003cfaa0	FrameCount0	undefined4	4
DATA	003cfaa4	frames_prev	undefined4	4
DATA	003cfaa8	PlayFrameError	undefined4	4
DATA	003cfaac	ticks_ptr	undefined4	4
DATA	003cfab0	AutoRestoreKey	undefined4	4
DATA	003cfab4	_mxml_key_once	undefined1	1
DATA	003cfab8	g_sfc_reg	undefined4	4
DATA	003cfabc	FlashSize	undefined4	4
DATA	003cfac0	UniqueID	undefined8	8
DATA	003cfac8	corecfg	undefined1[16000]	16000
DATA	003d3948	items	undefined1[16000]	16000
DATA	003d77c8	sbi	undefined1[8708]	8708
DATA	003d99cc	mi	undefined1[6944]	6944
DATA	003db4ec	file_info_list_ext	undefined1[6400]	6400
DATA	003dcdec	hi	undefined1[4624]	4624
DATA	003ddffc	autorundriver	undefined1[4096]	4096
DATA	003deffc	autorunfile	undefined1[4096]	4096
DATA	003dfffc	mp3DecInfo	undefined1[2032]	2032
DATA	003e07ec	di	undefined1[840]	840
DATA	003e0b34	bprintf_buf	undefined1[512]	512
DATA	003e0d34	si	undefined1[328]	328
DATA	003e0e7c	sfi	undefined1[284]	284
DATA	003e0f98	Nesname	undefined1[256]	256
DATA	003e1098	RomName	undefined1[256]	256
DATA	003e1198	fileName	undefined1[256]	256
DATA	003e1298	resource_path	undefined1[256]	256
DATA	003e1398	root_path	undefined1[256]	256
DATA	003e1498	work_path	undefined1[256]	256
DATA	003e1598	m_crctable	undefined1[128]	128
DATA	003e1618	mainkey	undefined1[128]	128
DATA	003e1698	InputDeviceInfo	undefined1[112]	112
DATA	003e1708	keyMapping	undefined1[96]	96
DATA	003e1768	SoundPlayer	undefined1[72]	72
DATA	003e17b0	fpsbuf	undefined1[64]	64
DATA	003e17f0	ticks_buf	undefined1[64]	64
DATA	003e1830	fh	undefined1[56]	56
DATA	003e1868	mui_Effect0	undefined1[36]	36
DATA	003e188c	mui_Effect1	undefined1[36]	36
DATA	003e18b0	mui_MenuMusic	undefined1[36]	36
DATA	003e18d4	ArchivePath	undefined1[28]	28
DATA	003e18f0	GamePath	undefined1[28]	28
DATA	003e190c	key2	undefined1[28]	28
DATA	003e1928	mdtemp1	undefined1[28]	28
DATA	003e1944	SoundBuffer	undefined1[16]	16
DATA	003e1954	game	undefined1[16]	16
DATA	003e1964	game_joy_key	undefined1[16]	16
DATA	003e1974	joy_key	undefined1[16]	16
DATA	003e1984	this_frame	undefined1[16]	16
DATA	003e1998	frame_time_last	undefined8	8
DATA	003e19a0	progress_stepcount	undefined8	8
DATA	003e19a8	RF_joy_key	undefined8	8
DATA	003e19b0	inTimeVal	undefined8	8
DATA	003e19b8	outTimeVal	undefined8	8
DATA	003e19c0	ChangeSeting	undefined4	4
DATA	003e19c4	DispFrameCount	undefined4	4
DATA	003e19c8	DisplayZoomFlag	undefined4	4
DATA	003e19cc	Filetype	undefined4	4
DATA	003e19d0	FrameCount	undefined4	4
DATA	003e19d4	FrameSkip	undefined4	4
DATA	003e19d8	Frame_data	undefined4	4
DATA	003e19dc	Frame_height	undefined4	4
DATA	003e19e0	Frame_pitch	undefined4	4
DATA	003e19e4	Frame_width	undefined4	4
DATA	003e19e8	Joy1_Delay	undefined4	4
DATA	003e19ec	Joy1_Press	undefined4	4
DATA	003e19f0	SoundBufferIndex0	undefined4	4
DATA	003e19f4	SoundBufferIndex1	undefined4	4
DATA	003e19f8	SoundBufferLength	undefined4	4
DATA	003e19fc	TimeCountReg	undefined4	4
DATA	003e1a00	Time_0	undefined4	4
DATA	003e1a04	Time_1	undefined4	4
DATA	003e1a08	USE_HDMI_OUT	undefined4	4
DATA	003e1a0c	ZIP_BUF	undefined4	4
DATA	003e1a10	ZIP_BUF_SIZE	undefined4	4
DATA	003e1a14	_SetDoubleBuffer	undefined4	4
DATA	003e1a18	_SetFrameSkip	undefined4	4
DATA	003e1a1c	_retro_get_region	undefined4	4
DATA	003e1a20	_retro_is_support	undefined4	4
DATA	003e1a24	_retro_run	undefined4	4
DATA	003e1a28	_retro_serialize	undefined4	4
DATA	003e1a2c	_retro_serialize_size	undefined4	4
DATA	003e1a30	_retro_set_device	undefined4	4
DATA	003e1a34	_retro_unserialize	undefined4	4
DATA	003e1a38	diff_prev	undefined4	4
DATA	003e1a3c	disp_times	undefined4	4
DATA	003e1a40	fps	undefined4	4
DATA	003e1a44	fps_ptr	undefined4	4
DATA	003e1a48	initialTicks	undefined4	4
DATA	003e1a4c	joytemp0	undefined4	4
DATA	003e1a50	joytemp1	undefined4	4
DATA	003e1a54	m_ticks	undefined4	4
DATA	003e1a58	maxSkips	undefined4	4
DATA	003e1a5c	n_input_height	undefined4	4
DATA	003e1a60	n_input_visible_height	undefined4	4
DATA	003e1a64	n_input_visible_width	undefined4	4
DATA	003e1a68	n_input_width	undefined4	4
DATA	003e1a6c	output_x	undefined4	4
DATA	003e1a70	output_y	undefined4	4
DATA	003e1a74	overtime	undefined4	4
DATA	003e1a78	overtime1	undefined4	4
DATA	003e1a7c	pal_ntsc	undefined4	4
DATA	003e1a80	pause_ret	undefined4	4
DATA	003e1a84	pf	undefined4	4
DATA	003e1a88	prev_time	undefined4	4
DATA	003e1a8c	romfile	undefined4	4
DATA	003e1a90	scr_buf	undefined4	4
DATA	003e1a94	scr_h_size	undefined4	4
DATA	003e1a98	scr_v_size	undefined4	4
DATA	003e1a9c	screen_w	undefined4	4
DATA	003e1aa0	screen_x	undefined4	4
DATA	003e1aa4	set_rotation	undefined4	4
DATA	003e1aa8	shmid	undefined4	4
DATA	003e1aac	sound_driver_init	undefined4	4
DATA	003e1ab0	sound_driver_playframe	undefined4	4
DATA	003e1ab4	sound_times	undefined4	4
DATA	003e1ab8	video_driver_deinit	undefined4	4
DATA	003e1abc	video_driver_frame	undefined4	4
DATA	003e1ac0	video_driver_get_size	undefined4	4
DATA	003e1ac4	video_driver_setting	undefined4	4
DATA	003e1ac8	spi_id	undefined3	3
DATA	003e1acc	IR_JoyKey	undefined2	2
DATA	003e1ace	ChannelIndex	undefined1	1
DATA	003e1acf	ProtectCode	undefined1	1
DATA	003e1ad0	ProtectVer	undefined1	1
DATA	003e1ad1	ReturnToMenu	undefined1	1
DATA	003e1ad2	joy_key_Temp	undefined1	1
FUNC	003e2000	abort	void abort()
FUNC	003e2004	__libc_start_main	undefined __libc_start_main()
FUNC	003e2008	__gmon_start__	undefined __gmon_start__()
FUNC	003e2018	vfprintf	int vfprintf(FILE * __s, char * __format, __gnuc_va_list __arg)
FUNC	003e201c	fflush	int fflush(FILE * __stream)
FUNC	003e2020	fileno	int fileno(FILE * __stream)
FUNC	003e2024	fsync	int fsync(int __fd)
DATA	003e2028	stdout	undefined4	4
FUNC	003e202c	sprintf	int sprintf(char * __s, char * __format, ...)
FUNC	003e2030	fopen	FILE * fopen(char * __filename, char * __modes)
FUNC	003e2034	fclose	int fclose(FILE * __stream)
FUNC	003e2038	strtol	long strtol(char * __nptr, char * * __endptr, int __base)
FUNC	003e203c	printf	int printf(char * __format, ...)
FUNC	003e2040	stpcpy	char * stpcpy(char * __dest, char * __src)
FUNC	003e2044	strcpy	char * strcpy(char * __dest, char * __src)
FUNC	003e2048	puts	int puts(char * __s)
FUNC	003e204c	memcpy	void * memcpy(void * __dest, void * __src, size_t __n)
DATA	003e2050	stderr	undefined4	4
FUNC	003e2054	readlink	ssize_t readlink(char * __path, char * __buf, size_t __len)
FUNC	003e2058	strrchr	char * strrchr(char * __s, int __c)
FUNC	003e205c	fgets	char * fgets(char * __s, int __n, FILE * __stream)
FUNC	003e2060	vsnprintf	int vsnprintf(char * __s, size_t __maxlen, char * __format, __gnuc_va_list __arg)
FUNC	003e2064	shmget	int shmget(key_t __key, size_t __size, int __shmflg)
FUNC	003e2068	shmat	void * shmat(int __shmid, void * __shmaddr, int __shmflg)
FUNC	003e206c	shmdt	int shmdt(void * __shmaddr)
FUNC	003e2070	usleep	int usleep(__useconds_t __useconds)
FUNC	003e2074	malloc	void * malloc(size_t __size)
FUNC	003e2078	pthread_create	int pthread_create(pthread_t * __newthread, pthread_attr_t * __attr, __start_routine * __start_routine, void * __arg)
FUNC	003e207c	putchar	int putchar(int __c)
FUNC	003e2080	free	void free(void * __ptr)
FUNC	003e2084	fread	size_t fread(void * __ptr, size_t __size, size_t __n, FILE * __stream)
FUNC	003e2088	memset	void * memset(void * __s, int __c, size_t __n)
FUNC	003e208c	sync	void sync()
FUNC	003e2090	reboot	int reboot(int __howto)
FUNC	003e2094	qsort	void qsort(void * __base, size_t __nmemb, size_t __size, __compar_fn_t __compar)
FUNC	003e2098	access	int access(char * __name, int __type)
FUNC	003e209c	read	ssize_t read(int __fd, void * __buf, size_t __nbytes)
FUNC	003e20a0	close	int close(int __fd)
FUNC	003e20a4	strcat	char * strcat(char * __dest, char * __src)
FUNC	003e20a8	open	int open(char * __file, int __oflag, ...)
FUNC	003e20ac	__errno_location	int * __errno_location()
FUNC	003e20b0	gettimeofday	int gettimeofday(timeval * __tv, __timezone_ptr_t __tz)
FUNC	003e20b4	fseek	int fseek(FILE * __stream, long __off, int __whence)
FUNC	003e20b8	ftell	long ftell(FILE * __stream)
FUNC	003e20bc	compress	undefined compress()
FUNC	003e20c0	uncompress	undefined uncompress()
FUNC	003e20c4	strcmp	int strcmp(char * __s1, char * __s2)
FUNC	003e20c8	mmap	void * mmap(void * __addr, size_t __len, int __prot, int __flags, int __fd, __off_t __offset)
FUNC	003e20cc	munmap	int munmap(void * __addr, size_t __len)
FUNC	003e20d0	strlen	size_t strlen(char * __s)
FUNC	003e20d4	strchr	char * strchr(char * __s, int __c)
FUNC	003e20d8	__isoc99_sscanf	undefined __isoc99_sscanf()
FUNC	003e20dc	strstr	char * strstr(char * __haystack, char * __needle)
FUNC	003e20e0	pthread_mutex_unlock	int pthread_mutex_unlock(pthread_mutex_t * __mutex)
FUNC	003e20e4	pthread_mutex_lock	int pthread_mutex_lock(pthread_mutex_t * __mutex)
FUNC	003e20e8	pthread_cond_signal	int pthread_cond_signal(pthread_cond_t * __cond)
FUNC	003e20ec	pthread_cond_wait	int pthread_cond_wait(pthread_cond_t * __cond, pthread_mutex_t * __mutex)
FUNC	003e20f0	dlsym	undefined dlsym()
FUNC	003e20f4	dlopen	undefined dlopen()
FUNC	003e20f8	dlerror	undefined dlerror()
FUNC	003e20fc	dlclose	undefined dlclose()
FUNC	003e2100	calloc	void * calloc(size_t __nmemb, size_t __size)
FUNC	003e2104	__aeabi_unwind_cpp_pr0	undefined __aeabi_unwind_cpp_pr0()
FUNC	003e2108	operator.new	void * operator.new(uint param_1)
FUNC	003e210c	operator.delete	void operator.delete(void * param_1)
FUNC	003e2110	operator.new[]	void * operator.new[](uint param_1)
FUNC	003e2114	operator.delete[]	void operator.delete[](void * param_1)
FUNC	003e2118	fwrite	size_t fwrite(void * __ptr, size_t __size, size_t __n, FILE * __s)
FUNC	003e211c	__aeabi_unwind_cpp_pr1	undefined __aeabi_unwind_cpp_pr1()
FUNC	003e2120	strncpy	char * strncpy(char * __dest, char * __src, size_t __n)
FUNC	003e2124	sqrt	double sqrt(double __x)
FUNC	003e2128	sqrtf	float sqrtf(float __x)
FUNC	003e212c	pow	double pow(double __x, double __y)
FUNC	003e2130	islower	int islower(int param_1)
FUNC	003e2134	__ctype_toupper_loc	__int32_t * * __ctype_toupper_loc()
FUNC	003e2138	rewind	void rewind(FILE * __stream)
FUNC	003e213c	fputc	int fputc(int __c, FILE * __stream)
FUNC	003e2140	fprintf	int fprintf(FILE * __stream, char * __format, ...)
FUNC	003e2144	pthread_self	pthread_t pthread_self()
FUNC	003e2148	pthread_detach	int pthread_detach(pthread_t __th)
FUNC	003e214c	memmove	void * memmove(void * __dest, void * __src, size_t __n)
FUNC	003e2150	floorf	float floorf(float __x)
FUNC	003e2154	ceilf	float ceilf(float __x)
FUNC	003e2158	fmod	double fmod(double __x, double __y)
FUNC	003e215c	acos	double acos(double __x)
FUNC	003e2160	cos	double cos(double __x)
FUNC	003e2164	realloc	void * realloc(void * __ptr, size_t __size)
FUNC	003e2168	__strdup	undefined __strdup()
FUNC	003e216c	_IO_getc	int _IO_getc(_IO_FILE * __fp)
FUNC	003e2170	write	ssize_t write(int __fd, void * __buf, size_t __n)
FUNC	003e2174	_IO_putc	int _IO_putc(int __c, _IO_FILE * __fp)
FUNC	003e2178	strncmp	int strncmp(char * __s1, char * __s2, size_t __n)
FUNC	003e217c	__ctype_b_loc	ushort * * __ctype_b_loc()
FUNC	003e2180	strtod	double strtod(char * __nptr, char * * __endptr)
FUNC	003e2184	scandir	int scandir(char * __dir, dirent * * * __namelist, __selector * __selector, __cmp * __cmp)
FUNC	003e2188	alphasort	int alphasort(dirent * * __e1, dirent * * __e2)
FUNC	003e218c	strerror	char * strerror(int __errnum)
FUNC	003e2190	snprintf	int snprintf(char * __s, size_t __maxlen, char * __format, ...)
FUNC	003e2194	mkdir	int mkdir(char * __path, __mode_t __mode)
FUNC	003e2198	pthread_getspecific	void * pthread_getspecific(pthread_key_t __key)
FUNC	003e219c	pthread_key_delete	int pthread_key_delete(pthread_key_t __key)
FUNC	003e21a0	pthread_key_create	int pthread_key_create(pthread_key_t * __key, __destr_function * __destr_function)
FUNC	003e21a4	pthread_once	int pthread_once(pthread_once_t * __once_control, __init_routine * __init_routine)
FUNC	003e21a8	pthread_setspecific	int pthread_setspecific(pthread_key_t __key, void * __pointer)
FUNC	003e21ac	__ctype_get_mb_cur_max	size_t __ctype_get_mb_cur_max()
FUNC	003e21b0	memcmp	int memcmp(void * __s1, void * __s2, size_t __n)
FUNC	003e21b4	mbrtowc	size_t mbrtowc(wchar_t * __pwc, char * __s, size_t __n, mbstate_t * __p)
FUNC	003e21b8	wcrtomb	size_t wcrtomb(char * __s, wchar_t __wc, mbstate_t * __ps)
FUNC	003e21bc	nl_langinfo	char * nl_langinfo(nl_item __item)
FUNC	003e21c0	raise	int raise(int __sig)
DATA	.comment::00000000	ElfComment[0]	string-utf8	1
DATA	.comment::00000001	ElfComment[1]	string-utf8	17
DATA	.comment::00000012	ElfComment[2]	string-utf8	58
DATA	.debug_frame::00000000	cie_.debug_frame::00000000	dword	4
DATA	.debug_frame::00000010	fde_.debug_frame::00000010	dword	4
DATA	.debug_frame::00000020	cie_.debug_frame::00000020	dword	4
DATA	.debug_frame::00000030	fde_.debug_frame::00000030	dword	4
DATA	.debug_frame::00000040	cie_.debug_frame::00000040	dword	4
DATA	.debug_frame::00000050	fde_.debug_frame::00000050	dword	4
DATA	.debug_frame::00000068	cie_.debug_frame::00000068	dword	4
DATA	.debug_frame::00000078	fde_.debug_frame::00000078	dword	4
DATA	.debug_frame::0000009c	fde_.debug_frame::0000009c	dword	4
DATA	.debug_str::00000000	s_long_long_int_.debug_str__00000000	string	14
DATA	.symtab::00000000	Elf32_Sym_ARRAY_.symtab__00000000	Elf32_Sym[2615]	41840
DATA	_elfSectionHeaders::00000000	Elf32_Shdr_ARRAY__elfSectionHeaders__00000000	Elf32_Shdr[42]	1680
DATA	003cf988	handle_emurun	undefined4	4
DATA	003e1a38	diff_prev_global	undefined4	4
